i,A_i,enrichment
90,L,7.657437137680052
117,V,7.6194326030978585
127,V,6.401587599853038
48,W,6.090607654220351
208,I,6.025413086257065
87,D,5.850025872055862
135,T,5.474883488026226
21,V,5.048332739140164
109,E,5.033316293006583
164,V,5.015885079310419
162,R,5.007840010328253
93,A,4.784142205378447
152,L,4.712281050202799
205,L,4.623346116804966
126,A,4.508896109282015
186,C,4.498583126071536
156,N,4.490809597216889
71,A,4.4573699846764105
13,R,4.316831343779396
58,F,4.176148620365739
214,A,4.168116020062897
144,D,4.137272663639619
173,T,4.019417321252165
165,V,3.8281131451883628
42,Q,3.8082519244326645
219,A,3.6973471780644167
230,F,3.6819857651361807
185,V,3.6568655325230166
80,L,3.6211593911630393
131,V,3.575307901059063
25,S,3.553121964313683
155,L,3.477371966597491
217,E,3.4742312448164383
181,L,3.419849792645439
191,R,3.398615631755191
92,A,3.3928647997688
121,H,3.363735194048283
64,R,3.336356745068504
202,L,3.3147817736100427
114,V,3.31298905460489
129,L,3.250176004392653
148,L,3.231164039239859
99,T,3.223322625353332
138,G,3.2111185591119153
116,K,3.1949965567448624
147,D,3.138789135757178
7,L,3.1361014426582616
28,E,3.134666159127088
229,A,3.1177544737361274
120,E,3.107496906878204
61,G,3.0705868452589704
100,R,3.0531487045187373
115,A,2.9788339903337175
96,T,2.959381465178112
84,I,2.9543773685423993
101,V,2.9390533616521375
158,E,2.9017540001562057
125,I,2.8710284034821068
98,C,2.8700322945449317
5,E,2.862936230600268
192,P,2.841774110968342
16,Q,2.8094469817054044
149,Y,2.7888584213224212
188,A,2.783617419779536
94,L,2.781438171715312
77,K,2.773765777704077
55,D,2.745152929471136
67,I,2.744572443178123
78,V,2.7277466531336225
73,A,2.722299225677469
189,T,2.6926514770605636
184,N,2.659308843137057
179,L,2.636638013306821
35,L,2.6158319437400603
134,T,2.6111104705023775
70,V,2.6042457698296313
102,N,2.5931791242244056
91,A,2.549008135011658
128,G,2.5461666615344027
163,Y,2.543064731200138
216,V,2.458165493677121
22,H,2.455391905231745
235,A,2.450838066460541
221,V,2.448122665185348
137,R,2.447298346941093
44,S,2.409318749717549
142,T,2.3700271703472664
227,A,2.3675500593880594
209,A,2.33018004204262
182,L,2.326230241514265
103,L,2.309516669583688
169,A,2.2823681984670117
199,V,2.2569057698768202
177,P,2.2477024991262544
224,A,2.245774010057342
139,R,2.2284037543489887
178,N,2.2024841408502187
106,A,2.15236559159951
113,W,2.1461007729431714
76,I,2.140542512781909
107,A,2.1274767222582622
151,T,2.0800015330244253
108,L,2.0782974801833602
46,A,2.05506001814825
30,S,2.053567932855708
39,L,2.043827123485359
68,A,2.026062026265052
69,E,2.002669398442788
85,R,1.9977262597948855
79,E,1.9806358566669349
160,C,1.970842401761659
110,T,1.9636077969356087
194,V,1.9530565234091435
124,K,1.947584158594341
51,L,1.9474095970837928
154,R,1.9223530932760662
174,L,1.91364302806324
161,A,1.8967465821692318
187,A,1.8815818972925662
38,A,1.8540302722110527
75,D,1.852593603271065
193,V,1.8512414442687237
111,P,1.8452731030985543
29,T,1.8317487422575156
49,L,1.777559861911645
4,L,1.7755496337227137
47,E,1.7751700317077124
31,Y,1.767438065117481
190,D,1.761376901556782
153,D,1.7390704342445955
223,K,1.7320658072816482
215,G,1.7104645130557232
168,I,1.698799370842904
146,G,1.6833201981654888
133,G,1.6411192602860705
74,M,1.5984985435360484
195,A,1.5459984765342902
167,D,1.5186131005104413
166,T,1.5077833598123875
27,T,1.4834666643112702
136,L,1.4784445573609764
40,A,1.404031479150172
132,R,1.4007896225257066
8,P,1.3078439306117084
196,S,1.2985021189797559
233,E,1.2962868502863711
52,V,1.2500419040792545
218,G,1.2498881237009145
207,A,1.2490153161481738
14,D,1.234766386497479
12,V,1.1908586249593678
200,S,1.1858337471914464
41,W,1.1365880054934785
59,G,1.132370821064046
231,T,1.1130318994311776
63,N,1.1014692774705848
33,S,1.068635088581769
225,L,1.0525989815611765
17,A,1.0373594846085616
37,A,1.0373594846085616
66,L,1.0033255316869312
183,K,0.9885459904605225
143,R,0.9825388578435645
234,E,0.9474616920850868
123,D,0.9398530268792903
89,T,0.8941927231916286
228,K,0.8724071695934587
118,I,0.8699245169989963
220,I,0.8343957079671956
145,G,0.8090330288116029
20,L,0.7572575306195009
232,L,0.7472160875365417
6,L,0.7448511946912586
56,A,0.7179299306200575
62,D,0.7179299306200575
204,D,0.6933042889534459
176,G,0.6933042889534459
170,K,0.6838710403397772
141,W,0.6740443356229684
201,S,0.6213073637140377
226,Y,0.6139203639184612
105,T,0.5974506239391262
57,A,0.5974506239391262
159,G,0.5517778515721395
122,G,0.5401889068440828
53,D,0.5371562469505125
19,R,0.5358830562505622
32,G,0.5316243095567132
