i,A_i,conservation,-,A,C,D,E,F,G,H,I,K,L,M,N,P,Q,R,S,T,V,W,Y
240,S,1,1,0,0,0,0,0,0,0,0,0,0,0,0,0,0,0,0,0,0,0,0
82,G,0.987,0.003,0.001,0.001,0,0,0,0.995,0,0,0,0,0,0,0,0,0,0,0,0,0,0
83,G,0.982,0.002,0.001,0,0,0,0,0.993,0,0,0,0,0,0.001,0,0,0.001,0,0,0,0,0
172,G,0.981,0.004,0,0,0,0,0,0.992,0,0.001,0,0,0.001,0,0,0,0,0,0,0.001,0,0
97,G,0.979,0.003,0,0,0.001,0.001,0,0.992,0,0,0,0,0,0.001,0,0,0.001,0.001,0,0,0,0
198,G,0.977,0.006,0,0,0,0,0,0.99,0,0,0,0,0,0,0,0,0,0,0.001,0.001,0,0
176,G,0.964,0.005,0,0,0.002,0.004,0,0.984,0.001,0,0,0,0,0,0,0,0,0.002,0,0,0,0
130,D,0.96,0.001,0.006,0,0.981,0.008,0,0,0,0,0,0,0,0.001,0,0.002,0,0,0,0,0,0
197,G,0.944,0.006,0,0,0,0,0,0.966,0,0,0,0,0,0,0,0,0,0.028,0,0,0,0
53,D,0.941,0.006,0,0,0.965,0.002,0,0,0,0,0,0,0,0.026,0,0,0,0,0,0,0,0
171,D,0.933,0.004,0,0,0.959,0.032,0,0.001,0,0,0,0,0,0.001,0,0,0,0,0,0.002,0,0
107,A,0.916,0.001,0.959,0.001,0,0,0.001,0.009,0,0.004,0,0.01,0,0,0.001,0,0,0.004,0.003,0.007,0,0
18,V,0.913,0.011,0.008,0,0,0,0,0,0,0.009,0.004,0.001,0.001,0,0,0,0,0,0.008,0.956,0,0.002
11,D,0.908,0.014,0,0,0.949,0.003,0,0,0,0.001,0,0.026,0,0.001,0,0.001,0,0.001,0.001,0.001,0.001,0.001
159,G,0.901,0.004,0.002,0,0.003,0.002,0.001,0.953,0.001,0,0.003,0.001,0,0.004,0.015,0.001,0.001,0.002,0.001,0.001,0,0.003
8,P,0.898,0.015,0.04,0,0,0,0.001,0.001,0,0.001,0,0,0.001,0,0.936,0,0,0.002,0.001,0.003,0,0
196,S,0.884,0.006,0.019,0.007,0,0,0,0.006,0.002,0.001,0,0.01,0.001,0.005,0,0,0.001,0.94,0,0.001,0,0
15,G,0.86,0.012,0.004,0,0.003,0.004,0.001,0.929,0.001,0,0.008,0.001,0,0.013,0.005,0.004,0.005,0.01,0,0,0,0
45,G,0.859,0.01,0.002,0.008,0.003,0.016,0.001,0.929,0,0,0.004,0.004,0.001,0.009,0,0.005,0.004,0.004,0,0,0,0.001
195,A,0.839,0.006,0.899,0.001,0,0,0.002,0.002,0,0.011,0,0.003,0.001,0,0,0,0,0.048,0.001,0.021,0,0.004
239,T,0.831,0.89,0.007,0.001,0,0,0,0,0,0.004,0,0.034,0.024,0,0,0,0,0,0.002,0.038,0,0
34,P,0.809,0.008,0.024,0,0,0,0.001,0,0,0.073,0,0.009,0,0,0.867,0,0,0.001,0.001,0.014,0,0.001
81,S,0.807,0.003,0.075,0.001,0.002,0,0,0.847,0,0,0,0,0,0,0,0,0,0.067,0.004,0.001,0,0
166,T,0.804,0.004,0.001,0,0,0,0,0,0,0,0,0.001,0,0.202,0,0.003,0,0.002,0.785,0,0,0
1,M,0.799,0.698,0,0,0,0,0,0,0,0,0,0,0.302,0,0,0,0,0,0,0,0,0
140,G,0.796,0.002,0.013,0.003,0.002,0,0.001,0.875,0.001,0,0.006,0,0,0.021,0.001,0.001,0.005,0.035,0.032,0.001,0,0.001
122,G,0.764,0.004,0.013,0,0.004,0.004,0,0.801,0,0,0.01,0,0,0.002,0.149,0.001,0.003,0.006,0.001,0,0,0.001
111,P,0.759,0.001,0.024,0,0.001,0.008,0.004,0.001,0.002,0.006,0.019,0.01,0.003,0.001,0.864,0.005,0.026,0.009,0.008,0.007,0.001,0.001
38,A,0.755,0.008,0.842,0.001,0,0.001,0.021,0.02,0,0.016,0,0.051,0.004,0,0,0.001,0.001,0.007,0.001,0.025,0,0.001
105,T,0.754,0.001,0.003,0,0,0,0,0.001,0,0,0,0.001,0,0.001,0,0,0,0.495,0.497,0,0,0
222,G,0.747,0.009,0.498,0,0,0,0,0.489,0,0,0,0,0,0.001,0,0,0,0.003,0,0,0,0
94,L,0.739,0.002,0.004,0,0.002,0,0.101,0,0,0.049,0.001,0.802,0.006,0.001,0,0.003,0.001,0.001,0.001,0.022,0,0.003
23,G,0.73,0.504,0,0,0.021,0.001,0,0.468,0,0,0,0,0,0,0,0,0,0,0,0.005,0,0
104,G,0.725,0.001,0.004,0,0.001,0,0,0.488,0,0,0,0,0.001,0.485,0,0.001,0,0.015,0.004,0,0,0
101,V,0.723,0.001,0.022,0.015,0,0,0.003,0,0,0.196,0,0.018,0.001,0,0,0,0,0,0.009,0.735,0,0
49,L,0.721,0.006,0,0,0,0,0.006,0,0,0.19,0,0.723,0.012,0,0,0,0,0,0,0.061,0,0
204,D,0.719,0.007,0,0,0.549,0.019,0,0,0.416,0,0,0,0,0.004,0,0.002,0,0.001,0,0,0,0
194,V,0.718,0.006,0.001,0,0,0,0.002,0,0,0.766,0,0.005,0.001,0,0,0.083,0,0.001,0.026,0.105,0,0.002
84,I,0.717,0.003,0,0,0,0,0.005,0,0,0.653,0,0.054,0.004,0,0,0,0,0,0,0.281,0,0
56,A,0.711,0.005,0.586,0,0.001,0,0,0.374,0,0,0.006,0.001,0,0,0.001,0,0.007,0.016,0,0,0,0
46,A,0.704,0.009,0.799,0.036,0,0,0.042,0.008,0,0.041,0,0.009,0.001,0,0,0,0,0.008,0.005,0.04,0,0.002
218,G,0.697,0.008,0.453,0,0.006,0.003,0,0.503,0.001,0.001,0,0,0,0.001,0,0.001,0,0.018,0,0.001,0,0.001
141,W,0.688,0.002,0.007,0,0,0,0.001,0.478,0,0,0.002,0,0,0.001,0,0,0.033,0.002,0.002,0,0.468,0.001
54,L,0.687,0.006,0.002,0.001,0,0,0.002,0,0,0.465,0,0.468,0.001,0,0,0,0,0,0.002,0.053,0,0
9,A,0.683,0.015,0.455,0.491,0,0,0,0,0,0.002,0.001,0,0,0,0,0,0.008,0.012,0.007,0.008,0,0
85,R,0.678,0.002,0.006,0.001,0.004,0,0,0.008,0.006,0,0.111,0,0,0.03,0.001,0.015,0.754,0.052,0.009,0,0,0
211,L,0.671,0.773,0.022,0.001,0,0.003,0.004,0,0.014,0.007,0.001,0.086,0.003,0.002,0.025,0.003,0.003,0.001,0.002,0.038,0,0.012
19,R,0.669,0.011,0,0,0,0.001,0,0,0.001,0,0.487,0.001,0,0.001,0,0.023,0.443,0.002,0.002,0.027,0,0
10,V,0.666,0.014,0,0,0,0,0.002,0,0,0.316,0,0.569,0.007,0,0,0,0,0,0,0.091,0,0
20,L,0.656,0.01,0.003,0,0,0,0,0.46,0.001,0,0,0.461,0.001,0.001,0.003,0,0.001,0.012,0.039,0.002,0,0.005
7,L,0.655,0.016,0,0,0,0,0.071,0,0,0.718,0,0.092,0.004,0,0,0,0,0,0,0.019,0.009,0.069
121,H,0.655,0.002,0.003,0.002,0,0,0.658,0,0.057,0.009,0,0.012,0.002,0.001,0,0,0.001,0,0,0.014,0.007,0.23
220,I,0.652,0.009,0.032,0.001,0,0,0,0.002,0,0.427,0,0.483,0.001,0,0,0.002,0,0.004,0,0.038,0,0
41,W,0.65,0.007,0,0,0,0,0.2,0,0.001,0.003,0,0.007,0.001,0,0,0,0,0,0,0,0.192,0.587
6,L,0.648,0.019,0.001,0,0,0,0.002,0,0,0.576,0,0.208,0.001,0,0,0,0,0,0,0.191,0,0
168,I,0.648,0.004,0.001,0,0,0,0.001,0,0,0.455,0.002,0.002,0.411,0,0,0,0,0,0.003,0.119,0.001,0
125,I,0.645,0.001,0.002,0.01,0,0,0.009,0,0,0.587,0,0.102,0.009,0,0,0,0,0,0.005,0.274,0,0
2,S,0.64,0.529,0.005,0,0,0.002,0.009,0,0.005,0.02,0.005,0.389,0.002,0.002,0,0.001,0.001,0.014,0.005,0.006,0,0.003
33,S,0.64,0.008,0.006,0,0.727,0.022,0,0.003,0.011,0,0.026,0.001,0,0.084,0.001,0.003,0.004,0.09,0.01,0.001,0,0.001
212,V,0.635,0.758,0.037,0.006,0.021,0.057,0.001,0.007,0.001,0.001,0.014,0.002,0.001,0.004,0.001,0.007,0.012,0.009,0.016,0.045,0,0.002
226,Y,0.634,0.01,0.002,0,0,0,0.004,0,0.508,0.001,0,0.082,0,0.004,0,0.002,0,0,0.001,0.016,0,0.371
67,I,0.63,0.004,0.014,0,0,0,0.003,0,0,0.288,0,0.153,0.005,0,0,0.001,0,0,0.001,0.53,0,0.001
77,K,0.626,0.003,0.009,0.001,0.013,0.007,0.006,0.004,0.011,0.007,0.085,0.003,0.001,0.032,0.752,0.022,0.017,0.012,0.007,0.006,0,0.004
178,N,0.626,0.005,0.04,0,0.473,0.012,0,0.004,0.001,0,0.001,0,0,0.419,0.003,0.002,0.002,0.036,0.001,0,0,0
52,V,0.625,0.006,0.002,0,0,0,0.002,0,0,0.022,0,0.415,0.005,0,0,0.001,0,0,0.003,0.452,0,0.089
192,P,0.619,0.006,0.054,0.003,0.015,0.016,0.002,0.004,0.009,0,0.037,0.002,0,0.023,0.753,0.032,0.017,0.011,0.008,0.001,0,0.006
193,V,0.618,0.006,0.001,0,0,0,0.063,0,0,0.116,0,0.155,0.003,0,0,0,0,0,0.014,0.633,0.008,0
98,C,0.617,0.001,0.625,0.049,0,0,0.003,0.001,0,0.064,0,0.052,0.001,0,0.002,0,0,0.001,0.001,0.198,0,0.001
126,A,0.615,0,0.166,0.013,0,0,0.002,0.003,0,0.124,0,0.009,0.013,0.002,0,0,0,0.001,0.02,0.638,0,0.008
127,V,0.615,0,0.038,0.016,0,0,0.003,0.008,0,0.099,0,0.24,0.001,0,0.001,0,0,0.002,0.003,0.59,0,0
128,G,0.614,0,0.397,0.003,0.006,0,0,0.39,0,0,0,0,0,0.003,0,0,0,0.191,0.001,0.007,0,0
164,V,0.613,0.004,0,0.008,0,0,0.011,0,0,0.206,0.002,0.53,0.005,0.001,0,0,0,0,0,0.23,0,0.001
100,R,0.609,0.001,0.002,0,0.003,0,0.008,0.001,0.001,0,0.537,0.002,0.008,0.001,0,0.027,0.335,0.002,0.002,0,0.007,0.06
12,V,0.608,0.013,0,0.003,0,0,0.002,0,0,0.15,0,0.297,0.022,0,0,0,0,0,0.002,0.507,0.001,0.002
225,L,0.607,0.009,0.008,0,0,0,0.492,0,0,0.117,0,0.341,0.002,0,0,0,0,0,0.001,0.012,0.002,0.014
57,A,0.603,0.006,0.46,0,0.001,0.001,0.021,0.001,0,0.003,0,0.001,0,0.001,0,0,0,0.344,0.156,0.001,0,0
219,A,0.603,0.008,0.465,0.011,0,0,0,0.027,0,0.022,0,0.017,0.002,0,0,0,0,0.01,0.02,0.416,0,0
32,G,0.599,0.008,0.023,0.001,0.022,0.008,0.005,0.687,0.007,0.001,0.014,0.003,0,0.093,0.005,0.002,0.002,0.112,0.004,0.001,0,0.003
129,L,0.599,0.001,0.041,0,0,0,0.001,0,0,0.497,0,0.278,0.015,0,0,0,0,0.001,0.001,0.164,0,0
136,L,0.597,0.002,0.014,0.046,0,0,0.004,0,0,0.163,0,0.092,0.002,0,0.007,0,0,0,0.037,0.631,0.001,0.001
167,D,0.596,0.004,0.008,0.038,0.447,0.006,0.002,0.001,0.002,0.001,0,0,0.046,0.012,0,0.002,0,0.424,0.001,0.006,0,0.001
80,L,0.595,0.003,0.01,0.001,0,0,0.04,0,0,0.101,0,0.186,0.009,0,0,0,0,0.002,0.012,0.616,0.001,0.021
108,L,0.59,0.002,0.013,0.002,0,0,0.017,0,0.001,0.189,0.001,0.226,0.002,0,0,0.002,0,0.001,0.004,0.533,0.001,0.005
163,Y,0.582,0.004,0.005,0.001,0,0,0.063,0,0,0.597,0,0.135,0.001,0,0,0,0,0,0.003,0.13,0,0.06
103,L,0.565,0.001,0.004,0.001,0,0,0.023,0.02,0,0.475,0,0.243,0.021,0,0,0,0,0,0.002,0.21,0,0
228,K,0.565,0.022,0.01,0.001,0.015,0.014,0,0.663,0.005,0,0.11,0,0,0.047,0.001,0.057,0.04,0.009,0.005,0,0,0
200,S,0.564,0.007,0.083,0.001,0.001,0,0,0.587,0.018,0,0.018,0,0,0.002,0,0.002,0.035,0.197,0.049,0,0,0
51,L,0.561,0.006,0.001,0.001,0,0,0.475,0,0,0.068,0,0.297,0.022,0,0,0,0,0,0.001,0.116,0,0.012
131,V,0.55,0.001,0.583,0.014,0,0,0.004,0.009,0.002,0.027,0,0.004,0.001,0,0.025,0,0,0.057,0.061,0.206,0,0.004
160,C,0.548,0.003,0.531,0.077,0,0,0.01,0.001,0,0.045,0,0.094,0.003,0,0.001,0,0,0.003,0.004,0.228,0,0.001
185,V,0.544,0.005,0.02,0.001,0,0,0.012,0,0,0.239,0,0.284,0.04,0,0,0,0,0,0.001,0.394,0,0.001
223,K,0.544,0.009,0.003,0,0.003,0,0,0.027,0.001,0,0.224,0.001,0.007,0.005,0,0.002,0.219,0.475,0.02,0,0,0.004
152,L,0.542,0.003,0.57,0.017,0,0,0.003,0.029,0,0.089,0,0.108,0.008,0,0,0,0,0.008,0.007,0.157,0,0.001
17,A,0.538,0.011,0.111,0.228,0,0,0.002,0,0,0.007,0,0.058,0.001,0.001,0.004,0,0,0.013,0.041,0.523,0,0
224,A,0.53,0.009,0.445,0,0,0,0.003,0,0,0.261,0,0.049,0.022,0,0,0,0,0.026,0.001,0.181,0,0.001
235,A,0.53,0.06,0.488,0.006,0,0,0.001,0.004,0,0.044,0,0.197,0.002,0,0,0,0,0.001,0.014,0.181,0,0
145,G,0.527,0.002,0.043,0.002,0.001,0.008,0.001,0.074,0.003,0.005,0.002,0.011,0.009,0.001,0,0.002,0.024,0.282,0.512,0.019,0,0
199,V,0.526,0.007,0.343,0.027,0,0,0.003,0.01,0,0.189,0,0.052,0.006,0,0,0,0,0,0,0.36,0,0
50,H,0.525,0.007,0.011,0.059,0,0,0.001,0,0.465,0.025,0,0.003,0.004,0,0,0.002,0,0.006,0.156,0.258,0,0.002
114,V,0.523,0.001,0.02,0.033,0,0,0.037,0,0,0.349,0,0.121,0.002,0,0,0,0,0.001,0.033,0.402,0,0
25,S,0.52,0.011,0.053,0,0.002,0.003,0.534,0,0,0.002,0.005,0.017,0.13,0,0.01,0,0.012,0.017,0.001,0.002,0,0.2
71,A,0.515,0.004,0.588,0.022,0,0,0,0.002,0,0.048,0.012,0.103,0.002,0,0,0.001,0.024,0.046,0.027,0.12,0,0
123,D,0.515,0.009,0.006,0,0.139,0.128,0,0.146,0.003,0,0.008,0,0,0.015,0.001,0.521,0.004,0.016,0.001,0.001,0,0.001
205,L,0.511,0.007,0.003,0.001,0,0,0.294,0.003,0,0.252,0,0.314,0.033,0,0,0,0,0,0,0.091,0,0
132,R,0.505,0.001,0.005,0.001,0.003,0.005,0.013,0.001,0.004,0.016,0.442,0.016,0.006,0.032,0,0.013,0.368,0.003,0.003,0.008,0.037,0.024
216,V,0.504,0.008,0.397,0.039,0,0,0.005,0,0,0.133,0,0.073,0.005,0,0.002,0,0,0.006,0.01,0.32,0,0.001
79,E,0.503,0.003,0.011,0.082,0.037,0.126,0,0.002,0,0.002,0,0.001,0.001,0.001,0,0.304,0.004,0.014,0.413,0,0,0
24,E,0.501,0.502,0.011,0,0.261,0.075,0.002,0,0.002,0.002,0.026,0.019,0,0.014,0,0.026,0.045,0.004,0.001,0.011,0,0
78,V,0.499,0.003,0.012,0.008,0,0,0.192,0,0,0.142,0,0.322,0.007,0,0,0,0,0,0.007,0.303,0,0.005
55,D,0.497,0.006,0.012,0,0.302,0.008,0.001,0.011,0.009,0.008,0.002,0.001,0.003,0.108,0,0.001,0.002,0.083,0.434,0.009,0,0
3,K,0.495,0.441,0.259,0.001,0.001,0.006,0,0,0.001,0,0.096,0.001,0.001,0.007,0.001,0.003,0.022,0.037,0.121,0.001,0,0.001
173,T,0.495,0.004,0.033,0.001,0.001,0.015,0,0.002,0.002,0.014,0.017,0.026,0.2,0,0,0.014,0.008,0.017,0.536,0.108,0,0
234,E,0.493,0.052,0.057,0,0.127,0.553,0,0.007,0.002,0.001,0.018,0.002,0.001,0.007,0,0.132,0.006,0.018,0.01,0.005,0,0
76,I,0.489,0.003,0.028,0.005,0,0,0.004,0.014,0,0.479,0.007,0.131,0.107,0.015,0,0,0.001,0.002,0.004,0.198,0,0
35,L,0.487,0.008,0.109,0.002,0.002,0.02,0.013,0.016,0.002,0.049,0.003,0.166,0.004,0.003,0.002,0.007,0.01,0.007,0.009,0.559,0.006,0.004
89,T,0.486,0.002,0.032,0,0.584,0.016,0,0.011,0.023,0.011,0.007,0.002,0.002,0.011,0,0.043,0.017,0.076,0.14,0.022,0,0.001
90,L,0.481,0.002,0.174,0.002,0,0,0.029,0.001,0,0.317,0,0.101,0.061,0,0,0,0,0,0,0.311,0,0.001
70,V,0.48,0.004,0.029,0.005,0,0,0.003,0.001,0,0.335,0,0.101,0.032,0,0,0,0,0.002,0.203,0.283,0,0
208,I,0.475,0.007,0.222,0.005,0,0,0.001,0.139,0,0.044,0,0.405,0.019,0,0,0,0,0.002,0.01,0.146,0,0
238,A,0.475,0.571,0.162,0.047,0.004,0.02,0.004,0.004,0.045,0.007,0.009,0.003,0.002,0.002,0,0.006,0.008,0.008,0.022,0.047,0,0.028
151,T,0.474,0.003,0.019,0.001,0,0,0.104,0.001,0.012,0.015,0,0.288,0.01,0,0,0,0.001,0.001,0.025,0.072,0.428,0.018
191,R,0.474,0.006,0.052,0.011,0,0.001,0.005,0.004,0.005,0.406,0.032,0.073,0.008,0.002,0.001,0.002,0.024,0.004,0.016,0.348,0,0.001
232,L,0.473,0.047,0.014,0.002,0,0,0.037,0,0,0.358,0,0.273,0.009,0,0.037,0,0.001,0.001,0.002,0.216,0,0.002
221,V,0.47,0.008,0.482,0.023,0,0,0.008,0.014,0,0.086,0,0.054,0.006,0,0,0,0,0.037,0.069,0.212,0,0
182,L,0.469,0.005,0.009,0.002,0,0,0.004,0,0,0.108,0,0.269,0.015,0.01,0,0.001,0,0.004,0.388,0.036,0,0.148
47,E,0.468,0.009,0.008,0,0.54,0.159,0,0.012,0.003,0,0.06,0,0.001,0.014,0.007,0.045,0.083,0.022,0.032,0.002,0,0
113,W,0.467,0.001,0.015,0.001,0.002,0.016,0.235,0.002,0,0.034,0.003,0.494,0.021,0,0.002,0.005,0.006,0.011,0.018,0.053,0.081,0
48,W,0.465,0.007,0.004,0.002,0.001,0.526,0.017,0.001,0.015,0.006,0.005,0.017,0.006,0.004,0,0.008,0.111,0.002,0.008,0.036,0.182,0.042
14,D,0.46,0.012,0.08,0,0.489,0.087,0,0.101,0.007,0,0.018,0,0.002,0.164,0,0.02,0.008,0.009,0.001,0,0,0.001
99,T,0.459,0.001,0.106,0.001,0.551,0.054,0.001,0.009,0.007,0,0.026,0,0,0.029,0,0.028,0.037,0.099,0.045,0.001,0.001,0.004
5,E,0.455,0.108,0.001,0,0.009,0.07,0.002,0,0.002,0.102,0.022,0.072,0.002,0.005,0,0.024,0.529,0.001,0.042,0.004,0,0.005
102,N,0.455,0.001,0.056,0.002,0,0,0.002,0.053,0,0.247,0,0.002,0.001,0.071,0,0,0,0.397,0.037,0.13,0,0
148,L,0.455,0.003,0.424,0.003,0.002,0,0.004,0.002,0,0.032,0,0.215,0.005,0,0.036,0,0,0.004,0.084,0.16,0.001,0.024
161,A,0.453,0.004,0.115,0.003,0.005,0.062,0.003,0.541,0.001,0.002,0.085,0.001,0,0.008,0.003,0.042,0.032,0.071,0.016,0.004,0.001,0.001
165,V,0.453,0.004,0.004,0.124,0,0,0.089,0,0.003,0.03,0,0.407,0.001,0,0.003,0,0,0.005,0.002,0.157,0,0.171
22,H,0.449,0.01,0.002,0,0,0.034,0,0.038,0.035,0,0.112,0.017,0.001,0.281,0,0.406,0.05,0.01,0.001,0,0,0
236,L,0.449,0.079,0.007,0,0,0.015,0.017,0,0.009,0.093,0.492,0.179,0.006,0.002,0,0.063,0.013,0.003,0.002,0.018,0.001,0
36,E,0.448,0.008,0.16,0,0.098,0.513,0.001,0.006,0.002,0.004,0.016,0.006,0.001,0.022,0.09,0.019,0.003,0.03,0.013,0.006,0.001,0.001
169,A,0.447,0.004,0.101,0,0.474,0.018,0,0.055,0.009,0,0.003,0.005,0.002,0.101,0,0.006,0.004,0.173,0.041,0.001,0,0.001
86,D,0.445,0.002,0.027,0.003,0.197,0.027,0,0.01,0.005,0.001,0.022,0,0,0.044,0,0.015,0.007,0.337,0.3,0.003,0,0
174,L,0.442,0.005,0.005,0.002,0.002,0.006,0.001,0.023,0.002,0,0.305,0.346,0.121,0.014,0,0.034,0.122,0.001,0.005,0.001,0.002,0.002
181,L,0.438,0.005,0.147,0,0.002,0.01,0.023,0.012,0.011,0.028,0.001,0.53,0.063,0.001,0.007,0.092,0.004,0.028,0.007,0.023,0.001,0.003
162,R,0.437,0.004,0.117,0.001,0.003,0.525,0.003,0.022,0.087,0.001,0.006,0.006,0,0.009,0,0.006,0.087,0.043,0.049,0.007,0.001,0.023
59,G,0.436,0.005,0.037,0,0.053,0.035,0,0.554,0.01,0,0.06,0.002,0,0.099,0.055,0.028,0.023,0.023,0.013,0.001,0,0.001
150,E,0.434,0.003,0.095,0,0.297,0.405,0,0.008,0.003,0.002,0.015,0.005,0.001,0.007,0.02,0.062,0.005,0.034,0.023,0.007,0.004,0.001
88,D,0.432,0.003,0.166,0,0.216,0.419,0.001,0.013,0.005,0.001,0.04,0.001,0.001,0.017,0.002,0.056,0.01,0.035,0.008,0.006,0,0.001
179,L,0.426,0.006,0.007,0.007,0.002,0.003,0.052,0,0.007,0.206,0.001,0.427,0.008,0.033,0.002,0.001,0.006,0.001,0.035,0.173,0.018,0.005
93,A,0.424,0.002,0.112,0.006,0,0,0.003,0,0.001,0.114,0.001,0.433,0.044,0,0,0,0.002,0.001,0.009,0.053,0.071,0.15
29,T,0.421,0.01,0.004,0,0.001,0.073,0,0.003,0.003,0.036,0.118,0.008,0.002,0.003,0.001,0.035,0.333,0.005,0.322,0.042,0,0
60,T,0.42,0.006,0.053,0.001,0.033,0.063,0.001,0.017,0.04,0.005,0.091,0.005,0.001,0.01,0.001,0.037,0.552,0.028,0.041,0.013,0,0.002
215,G,0.417,0.008,0.01,0.003,0.057,0.017,0.001,0.531,0.068,0.008,0.121,0.005,0.002,0.079,0.011,0.011,0.03,0.012,0.015,0.009,0,0.003
31,Y,0.413,0.009,0.322,0,0,0.001,0.122,0.001,0.001,0.083,0.001,0.032,0.034,0,0.001,0.001,0.003,0.004,0.007,0.08,0.003,0.297
118,I,0.411,0.001,0.447,0.112,0.001,0,0.048,0.002,0.003,0.097,0.001,0.078,0.015,0.001,0,0.002,0.001,0.129,0.014,0.045,0,0
146,G,0.405,0.003,0.024,0.001,0.116,0.109,0,0.499,0.008,0.001,0.036,0.003,0.001,0.039,0.022,0.048,0.014,0.038,0.037,0.001,0,0
16,Q,0.403,0.012,0.025,0.004,0.024,0.022,0.001,0.015,0.02,0.001,0.162,0.005,0.002,0.024,0,0.201,0.428,0.007,0.036,0.008,0,0.002
110,T,0.401,0.002,0.027,0.002,0.244,0.048,0,0.001,0.014,0.002,0.015,0,0,0.37,0,0.049,0.149,0.043,0.029,0.001,0,0.001
138,G,0.398,0.002,0.044,0.001,0.033,0,0.001,0.041,0,0.13,0.016,0.035,0.001,0.001,0.001,0.023,0.006,0.027,0.418,0.21,0,0.008
177,P,0.394,0.005,0.015,0.02,0,0,0.262,0.001,0.001,0.044,0,0.019,0.002,0,0.236,0,0,0.059,0.011,0.064,0,0.261
117,V,0.384,0.001,0.371,0.013,0,0,0.003,0.069,0,0.122,0,0.159,0.062,0,0,0,0,0.017,0.004,0.066,0.112,0
189,T,0.384,0.008,0.025,0.075,0.001,0.001,0.031,0.006,0.003,0.043,0.001,0.078,0.003,0.004,0.001,0.001,0.002,0.052,0.15,0.454,0.003,0.06
170,K,0.379,0.004,0.12,0.027,0.001,0.003,0.006,0.022,0.03,0,0.192,0.002,0.004,0.022,0,0.083,0.415,0.02,0.035,0.01,0,0.003
106,A,0.376,0.001,0.494,0,0.019,0.008,0.001,0.017,0.001,0.05,0.047,0.033,0.016,0.001,0.071,0.013,0.008,0.088,0.062,0.066,0,0.002
30,S,0.369,0.01,0.01,0,0.417,0.042,0.005,0.006,0.005,0.116,0.014,0.005,0.001,0.032,0.003,0.014,0.013,0.041,0.03,0.21,0,0.025
74,M,0.369,0.008,0.02,0.093,0.002,0.001,0.022,0.003,0.003,0.161,0.001,0.127,0.014,0.001,0.002,0.004,0,0.017,0.12,0.379,0.001,0.021
124,K,0.369,0.005,0.104,0.387,0,0.001,0.006,0.008,0.052,0,0.15,0.004,0.001,0.009,0,0.045,0.144,0.028,0.006,0.05,0,0
116,K,0.367,0.001,0.056,0.001,0.12,0.424,0.001,0.053,0.006,0.002,0.065,0.003,0.001,0.01,0,0.082,0.113,0.037,0.021,0.003,0.001,0.001
180,E,0.361,0.006,0.123,0,0.152,0.426,0.001,0.04,0.004,0.002,0.033,0.004,0.001,0.016,0.073,0.024,0.021,0.042,0.021,0.011,0,0.001
202,L,0.359,0.007,0.054,0.006,0.001,0.009,0.012,0.001,0.001,0.13,0.024,0.431,0.125,0.004,0.066,0.011,0.008,0.009,0.012,0.08,0.002,0.008
4,L,0.355,0.167,0.022,0.002,0,0,0.047,0,0.002,0.021,0.31,0.031,0.241,0.003,0.009,0,0.034,0.008,0.034,0.068,0,0
203,D,0.355,0.007,0.127,0,0.267,0.298,0.001,0.035,0.006,0.001,0.029,0.002,0.001,0.033,0.003,0.112,0.011,0.041,0.017,0.008,0,0
231,T,0.353,0.043,0.024,0,0.177,0.034,0,0.012,0.002,0.001,0.025,0.005,0.001,0.086,0.03,0.007,0.031,0.157,0.365,0.002,0,0
112,E,0.352,0.002,0.081,0,0.191,0.394,0.001,0.051,0.009,0.001,0.029,0.004,0.001,0.03,0.008,0.096,0.01,0.041,0.039,0.008,0,0.001
230,F,0.352,0.039,0.013,0.002,0.001,0.001,0.211,0,0.039,0.262,0,0.211,0.015,0.001,0,0.003,0,0.002,0.025,0.064,0.001,0.106
21,V,0.347,0.01,0.015,0,0.004,0.015,0.02,0,0.048,0.08,0.088,0.033,0.003,0.001,0,0.009,0.056,0.027,0.079,0.46,0,0.05
147,D,0.346,0.003,0.01,0.002,0.454,0.102,0.001,0.029,0.011,0.001,0.065,0.014,0.008,0.047,0.014,0.037,0.035,0.07,0.093,0.001,0.001,0.003
142,T,0.345,0.003,0.101,0,0.01,0.027,0,0.007,0.001,0.006,0.054,0.077,0.005,0.007,0,0.089,0.379,0.044,0.168,0.021,0,0
44,S,0.34,0.012,0.256,0.003,0.044,0.209,0.005,0.018,0.015,0.004,0.029,0.026,0.01,0.019,0,0.287,0.013,0.03,0.005,0.003,0.003,0.008
66,L,0.336,0.004,0.112,0.001,0.001,0.003,0.009,0,0.008,0.103,0.002,0.226,0.048,0,0.007,0.01,0.002,0.012,0.055,0.312,0.074,0.011
96,T,0.335,0.002,0.484,0.03,0.013,0.013,0.051,0.005,0.013,0.022,0.034,0.078,0.013,0.034,0,0.005,0.026,0.081,0.059,0.027,0.002,0.007
13,R,0.331,0.012,0.062,0.001,0.11,0.004,0.001,0,0.014,0.118,0.368,0.029,0.01,0.017,0,0.023,0.166,0.008,0.034,0.02,0,0.003
63,N,0.331,0.005,0.002,0.001,0.08,0.009,0.025,0,0.013,0.095,0.002,0.066,0.147,0.371,0.001,0.079,0.003,0.008,0.076,0.015,0,0.001
137,R,0.324,0.002,0.351,0.008,0,0,0.156,0.033,0.025,0.001,0.025,0.006,0.012,0,0.011,0.002,0.041,0.022,0.105,0.037,0.004,0.156
143,R,0.324,0.003,0.008,0,0.031,0.333,0.001,0.002,0.005,0.028,0.204,0.011,0.001,0.048,0.001,0.052,0.132,0.023,0.074,0.037,0,0.002
156,N,0.324,0.004,0.178,0.005,0.048,0.342,0.001,0.003,0.002,0.016,0.016,0.059,0.003,0.016,0.002,0.135,0.01,0.018,0.021,0.114,0,0.008
69,E,0.32,0.004,0.169,0.001,0.048,0.115,0.001,0.011,0.01,0.001,0.127,0.004,0.002,0.022,0,0.075,0.32,0.051,0.034,0.001,0,0.003
155,L,0.32,0.003,0.15,0.021,0,0,0.162,0.049,0,0.018,0.001,0.142,0.137,0.001,0,0,0,0.002,0.002,0.196,0.003,0.113
186,C,0.318,0.006,0.315,0.102,0.001,0.003,0.002,0.007,0.005,0.013,0.031,0.04,0.007,0.018,0.001,0.021,0.161,0.193,0.034,0.038,0,0.002
154,R,0.315,0.003,0.037,0.001,0.037,0.263,0.011,0.008,0.01,0.007,0.163,0.013,0.007,0.011,0,0.084,0.265,0.028,0.038,0.003,0.005,0.006
43,R,0.309,0.009,0.218,0.001,0.16,0.26,0.001,0.013,0.005,0.003,0.067,0.011,0.002,0.036,0,0.079,0.08,0.039,0.012,0.005,0,0.001
65,A,0.307,0.005,0.099,0,0.315,0.21,0.001,0.023,0.046,0.001,0.048,0.004,0.001,0.021,0.077,0.026,0.023,0.084,0.014,0.003,0,0.001
75,D,0.306,0.003,0.026,0.001,0.192,0.03,0.35,0.055,0.008,0.001,0.04,0.003,0.002,0.109,0.032,0.011,0.029,0.069,0.031,0.001,0,0.007
72,Q,0.304,0.004,0.148,0.001,0.051,0.284,0,0.063,0.006,0.001,0.146,0.003,0.001,0.023,0,0.041,0.089,0.116,0.019,0.003,0,0.001
217,E,0.301,0.013,0.073,0.003,0.38,0.165,0.005,0.019,0.012,0.021,0.012,0.009,0.007,0.017,0.008,0.015,0.028,0.126,0.044,0.01,0.001,0.03
227,A,0.296,0.014,0.058,0,0.105,0.216,0.264,0,0.002,0.003,0.06,0.002,0.001,0.015,0,0.011,0.027,0.039,0.053,0.003,0.001,0.125
207,A,0.295,0.007,0.252,0.001,0.188,0.217,0.001,0.006,0.005,0.005,0.061,0.009,0.004,0.026,0.061,0.042,0.063,0.023,0.017,0.011,0,0.001
37,A,0.291,0.008,0.141,0.008,0.001,0.001,0.009,0,0.001,0.086,0.006,0.271,0.117,0.004,0.001,0.133,0.056,0.016,0.028,0.108,0.002,0.004
120,E,0.291,0.001,0.126,0.003,0.012,0.128,0.014,0.004,0.028,0.018,0.223,0.025,0.003,0.01,0,0.045,0.278,0.016,0.032,0.022,0.001,0.012
68,A,0.288,0.004,0.129,0.002,0.019,0.257,0.004,0.025,0.006,0.01,0.137,0.017,0.002,0.01,0,0.034,0.201,0.077,0.053,0.003,0,0.009
134,T,0.288,0.025,0.004,0,0.011,0.032,0.054,0.262,0.022,0.001,0.056,0.006,0,0.014,0.006,0.037,0.036,0.008,0.036,0.006,0.294,0.088
39,L,0.287,0.008,0.138,0.004,0.01,0.046,0.001,0.014,0.009,0.018,0.264,0.089,0.015,0.012,0,0.117,0.208,0.02,0.015,0.009,0.002,0.002
188,A,0.287,0.011,0.406,0.003,0.005,0.052,0.004,0.005,0.031,0.028,0.04,0.051,0.007,0.029,0.001,0.034,0.108,0.074,0.027,0.079,0,0.007
139,R,0.285,0.002,0.027,0.001,0.086,0.119,0.019,0.005,0.305,0.001,0.069,0.002,0.003,0.093,0.001,0.013,0.122,0.097,0.001,0.009,0,0.022
201,S,0.285,0.007,0.056,0.019,0.063,0.039,0.001,0.045,0.02,0.002,0.078,0.002,0.001,0.186,0,0.009,0.03,0.265,0.169,0.008,0,0
62,D,0.284,0.005,0.025,0.002,0.025,0.015,0.001,0.003,0.004,0.086,0.042,0.045,0.009,0.013,0.043,0.014,0.089,0.053,0.315,0.209,0,0.001
91,A,0.278,0.002,0.141,0.001,0.1,0.218,0.001,0.018,0.009,0.008,0.106,0.005,0.004,0.018,0,0.042,0.231,0.04,0.026,0.014,0,0.014
187,A,0.277,0.006,0.181,0.001,0.19,0.201,0.001,0.021,0.005,0.001,0.086,0.005,0.002,0.046,0.002,0.079,0.081,0.068,0.021,0.003,0,0.001
183,K,0.276,0.005,0.125,0.003,0.015,0.089,0.001,0.023,0.006,0.015,0.165,0.029,0.001,0.027,0,0.058,0.304,0.047,0.015,0.07,0,0.001
237,E,0.272,0.133,0.235,0,0.079,0.147,0,0.005,0.011,0,0.08,0.003,0.001,0.032,0,0.114,0.083,0.039,0.035,0.001,0,0
153,D,0.271,0.003,0.069,0.003,0.037,0.121,0,0.011,0.017,0.015,0.296,0.031,0.009,0.013,0.005,0.119,0.171,0.017,0.019,0.042,0,0.001
149,Y,0.267,0.003,0.024,0.003,0.018,0.095,0.054,0.003,0.002,0.188,0.007,0.159,0.009,0.003,0.002,0.008,0.013,0.009,0.054,0.264,0.047,0.035
27,T,0.266,0.011,0.021,0,0.186,0.06,0.001,0.089,0.005,0,0.067,0.004,0.001,0.203,0.001,0.152,0.047,0.084,0.066,0.001,0,0.001
184,N,0.262,0.007,0.315,0.001,0.056,0.165,0.002,0.012,0.016,0.011,0.115,0.054,0.019,0.028,0,0.068,0.055,0.032,0.036,0.004,0,0.003
133,G,0.26,0.001,0.022,0.002,0.177,0.059,0.004,0.225,0.014,0.004,0.079,0.002,0.001,0.15,0,0.04,0.126,0.041,0.031,0.015,0.002,0.002
158,E,0.26,0.005,0.134,0.007,0.045,0.036,0.023,0.003,0.007,0.02,0.048,0.307,0.024,0.007,0.003,0.014,0.18,0.011,0.003,0.063,0.005,0.053
28,E,0.259,0.01,0.104,0.002,0.01,0.136,0.007,0.007,0.075,0.057,0.06,0.333,0.006,0.007,0.013,0.058,0.005,0.037,0.009,0.058,0.002,0.005
109,E,0.258,0.004,0.165,0,0.016,0.166,0.023,0.006,0.013,0.006,0.261,0.026,0.005,0.043,0.001,0.038,0.112,0.04,0.051,0.005,0,0.017
58,F,0.254,0.006,0.031,0.002,0.002,0.022,0.22,0.001,0.116,0.016,0.173,0.044,0.004,0.017,0.014,0.006,0.062,0.187,0.011,0.056,0.001,0.009
87,D,0.253,0.002,0.061,0.006,0.086,0.117,0.016,0.002,0.004,0.082,0.017,0.217,0.041,0.005,0.021,0.006,0.034,0.006,0.027,0.243,0,0.005
119,A,0.245,0.002,0.126,0.001,0.178,0.179,0.002,0.036,0.014,0.004,0.131,0.016,0.003,0.034,0,0.068,0.129,0.042,0.026,0.005,0.001,0.005
95,A,0.241,0.002,0.11,0.001,0.141,0.137,0.003,0.021,0.013,0.001,0.066,0.069,0.004,0.136,0,0.024,0.167,0.09,0.01,0.001,0,0.002
229,A,0.236,0.034,0.084,0,0.058,0.264,0.001,0.005,0.009,0.053,0.119,0.012,0.002,0.021,0.003,0.057,0.123,0.025,0.113,0.017,0,0.001
157,K,0.233,0.012,0.122,0.001,0.18,0.199,0.001,0.046,0.006,0.003,0.109,0.006,0.002,0.035,0.043,0.062,0.067,0.081,0.024,0.002,0,0.001
213,P,0.233,0.318,0.055,0.005,0.097,0.135,0.002,0.032,0.012,0.017,0.088,0.023,0.002,0.019,0.047,0.066,0.015,0.023,0.026,0.012,0,0.006
175,Q,0.227,0.005,0.163,0.004,0.08,0.062,0.001,0.031,0.002,0.014,0.076,0.008,0.005,0.11,0,0.156,0.03,0.157,0.086,0.01,0,0
214,A,0.225,0.014,0.215,0.007,0.03,0.048,0.004,0.257,0.01,0.036,0.017,0.066,0.02,0.009,0.03,0.019,0.02,0.056,0.118,0.018,0,0.005
42,Q,0.221,0.008,0.168,0.006,0.189,0.127,0.008,0.01,0.012,0.012,0.012,0.016,0.002,0.117,0,0.093,0.023,0.054,0.004,0.088,0,0.051
26,G,0.22,0.017,0.061,0,0.137,0.138,0,0.129,0.002,0.017,0.048,0.038,0.001,0.046,0.001,0.039,0.069,0.034,0.013,0.208,0,0
209,A,0.215,0.008,0.104,0.034,0.008,0.018,0.221,0.003,0.003,0.092,0.097,0.103,0.005,0.014,0.003,0.015,0.093,0.024,0.01,0.135,0,0.01
190,D,0.213,0.007,0.021,0.001,0.125,0.034,0.002,0.105,0.044,0.002,0.062,0.001,0.001,0.109,0.046,0.074,0.068,0.211,0.084,0.001,0,0.001
73,A,0.212,0.016,0.152,0.005,0.008,0.158,0.001,0.047,0.023,0.003,0.079,0.015,0.002,0.047,0,0.198,0.057,0.054,0.055,0.078,0,0.003
233,E,0.208,0.049,0.18,0.001,0.02,0.102,0.001,0.145,0.007,0.003,0.129,0.005,0.008,0.018,0.115,0.059,0.068,0.053,0.03,0.006,0,0.001
115,A,0.204,0.001,0.16,0.004,0.038,0.094,0.004,0.037,0.015,0.02,0.174,0.014,0.003,0.047,0.003,0.047,0.143,0.082,0.101,0.009,0,0.005
92,A,0.2,0.002,0.205,0.001,0.051,0.066,0.008,0.016,0.032,0.032,0.118,0.021,0.02,0.048,0.001,0.056,0.217,0.029,0.044,0.02,0.001,0.013
135,T,0.197,0.003,0.008,0.001,0.031,0.26,0.056,0.005,0.025,0.02,0.148,0.023,0.048,0.033,0.001,0.077,0.088,0.011,0.056,0.016,0.007,0.082
40,A,0.192,0.008,0.187,0.001,0.047,0.053,0.032,0.012,0.035,0.053,0.074,0.06,0.008,0.011,0,0.048,0.249,0.043,0.024,0.033,0.001,0.022
206,R,0.186,0.007,0.193,0.003,0.014,0.088,0.004,0.005,0.02,0.036,0.092,0.081,0.003,0.005,0.037,0.026,0.128,0.025,0.024,0.15,0.001,0.058
61,G,0.169,0.006,0.087,0.001,0.101,0.082,0.004,0.154,0.002,0.027,0.113,0.025,0.004,0.027,0.151,0.018,0.034,0.069,0.025,0.06,0,0.008
64,R,0.168,0.005,0.09,0.001,0.021,0.024,0.066,0.051,0.024,0.1,0.068,0.23,0.008,0.002,0.003,0.012,0.074,0.017,0.031,0.083,0.008,0.083
210,G,0.162,0.008,0.122,0.001,0.072,0.143,0.001,0.08,0.008,0.023,0.094,0.047,0.006,0.027,0.011,0.068,0.086,0.038,0.135,0.024,0,0.003
144,D,0.152,0.003,0.107,0.001,0.132,0.082,0.004,0.082,0.007,0.016,0.036,0.036,0.007,0.083,0.118,0.024,0.022,0.051,0.092,0.093,0.001,0.002
