filename,num_alpha_dihedrals,alpha_dihedral_score,num_beta_dihedrals,beta_dihedral_score,ranking_score,cluster_single,cluster_size_single,cluster_average,cluster_size_average,cluster_maximum,cluster_size_maximum,cluster_pairs_min,cluster_size_pairs_min,cluster_pairs_abs,cluster_size_pairs_abs,num_pairs,rmsd,maxsub,tm,msi,filename_experimental,L_experiment,L_prediction,L_joint,L_normalization
output/run1/HIS4_STRCO_1-200/fold/HIS4_STRCO_1-200_247_10_hMIN.pdb,93,46.599999999999994,23,10.4,0.4672131147540983,6,172,12,139,11,53,1,147,1,50,203,2.793,0.74,0.785,0.74,output/run1/HIS4_STRCO_1-200/compare/aux/HIS4_STRCO_1-200_1vzw_A_1.pdb,224,234,219,219
output/run1/HIS4_STRCO_1-200/fold/HIS4_STRCO_1-200_295_4_hMIN.pdb,93,49.6,20,10.8,0.4950819672131148,6,172,12,139,11,53,1,147,2,50,202,2.793,0.735,0.78,0.735,output/run1/HIS4_STRCO_1-200/compare/aux/HIS4_STRCO_1-200_1vzw_A_1.pdb,224,234,219,219
output/run1/HIS4_STRCO_1-200/fold/HIS4_STRCO_1-200_235_1_hMIN.pdb,93,49.0,19,10.0,0.48360655737704916,6,172,12,139,14,24,1,147,2,50,198,2.748,0.725,0.78,0.725,output/run1/HIS4_STRCO_1-200/compare/aux/HIS4_STRCO_1-200_1vzw_A_1.pdb,224,234,219,219
output/run1/HIS4_STRCO_1-200/fold/HIS4_STRCO_1-200_259_6_hMIN.pdb,93,35.8,27,12.8,0.39836065573770485,6,172,12,139,11,53,1,147,1,50,200,2.753,0.73,0.779,0.73,output/run1/HIS4_STRCO_1-200/compare/aux/HIS4_STRCO_1-200_1vzw_A_1.pdb,224,234,219,219
output/run1/HIS4_STRCO_1-200/fold/HIS4_STRCO_1-200_187_2_hMIN.pdb,93,37.00000000000001,21,11.600000000000001,0.39836065573770496,6,172,12,139,9,39,1,147,1,50,207,2.925,0.7390000000000001,0.778,0.7390000000000001,output/run1/HIS4_STRCO_1-200/compare/aux/HIS4_STRCO_1-200_1vzw_A_1.pdb,224,234,219,219
output/run1/HIS4_STRCO_1-200/fold/HIS4_STRCO_1-200_283_2_hMIN.pdb,93,39.0,22,12.600000000000001,0.42295081967213116,6,172,12,139,11,53,1,147,3,45,199,2.7880000000000003,0.722,0.769,0.722,output/run1/HIS4_STRCO_1-200/compare/aux/HIS4_STRCO_1-200_1vzw_A_1.pdb,224,234,219,219
output/run1/HIS4_STRCO_1-200/fold/HIS4_STRCO_1-200_187_6_hMIN.pdb,93,54.0,23,11.4,0.5360655737704918,6,172,12,139,19,13,1,147,1,50,201,2.925,0.7190000000000001,0.767,0.7190000000000001,output/run1/HIS4_STRCO_1-200/compare/aux/HIS4_STRCO_1-200_1vzw_A_1.pdb,224,234,219,219
output/run1/HIS4_STRCO_1-200/fold/HIS4_STRCO_1-200_271_5_hMIN.pdb,93,43.2,23,12.600000000000001,0.4573770491803279,6,172,12,139,11,53,1,147,1,50,200,2.9819999999999998,0.7140000000000001,0.763,0.7140000000000001,output/run1/HIS4_STRCO_1-200/compare/aux/HIS4_STRCO_1-200_1vzw_A_1.pdb,224,234,219,219
output/run1/HIS4_STRCO_1-200/fold/HIS4_STRCO_1-200_259_4_hMIN.pdb,93,35.2,23,13.0,0.3950819672131148,6,172,12,139,11,53,1,147,1,50,196,2.884,0.703,0.7609999999999999,0.703,output/run1/HIS4_STRCO_1-200/compare/aux/HIS4_STRCO_1-200_1vzw_A_1.pdb,224,234,219,219
output/run1/HIS4_STRCO_1-200/fold/HIS4_STRCO_1-200_175_6_hMIN.pdb,93,41.6,20,10.8,0.4295081967213115,6,172,12,139,19,13,1,147,1,50,200,2.9960000000000004,0.711,0.7609999999999999,0.711,output/run1/HIS4_STRCO_1-200/compare/aux/HIS4_STRCO_1-200_1vzw_A_1.pdb,224,234,219,219
output/run1/HIS4_STRCO_1-200/fold/HIS4_STRCO_1-200_247_7_hMIN.pdb,93,43.800000000000004,20,8.8,0.43114754098360664,6,172,12,139,14,24,1,147,1,50,191,2.815,0.695,0.7609999999999999,0.695,output/run1/HIS4_STRCO_1-200/compare/aux/HIS4_STRCO_1-200_1vzw_A_1.pdb,224,234,219,219
output/run1/HIS4_STRCO_1-200/fold/HIS4_STRCO_1-200_259_2_hMIN.pdb,93,46.0,23,13.600000000000001,0.48852459016393446,6,172,12,139,11,53,1,147,2,50,193,2.783,0.7,0.76,0.7,output/run1/HIS4_STRCO_1-200/compare/aux/HIS4_STRCO_1-200_1vzw_A_1.pdb,224,234,219,219
output/run1/HIS4_STRCO_1-200/fold/HIS4_STRCO_1-200_247_6_hMIN.pdb,93,38.8,22,12.2,0.4180327868852459,6,172,12,139,11,53,1,147,3,45,199,2.964,0.7090000000000001,0.759,0.7090000000000001,output/run1/HIS4_STRCO_1-200/compare/aux/HIS4_STRCO_1-200_1vzw_A_1.pdb,224,234,219,219
output/run1/HIS4_STRCO_1-200/fold/HIS4_STRCO_1-200_295_1_hMIN.pdb,93,48.4,23,12.6,0.5,6,172,12,139,11,53,1,147,2,50,194,2.8810000000000002,0.6990000000000001,0.759,0.6990000000000001,output/run1/HIS4_STRCO_1-200/compare/aux/HIS4_STRCO_1-200_1vzw_A_1.pdb,224,234,219,219
output/run1/HIS4_STRCO_1-200/fold/HIS4_STRCO_1-200_235_5_hMIN.pdb,93,44.599999999999994,24,8.0,0.4311475409836065,6,172,12,139,9,39,1,147,3,45,194,2.878,0.698,0.758,0.698,output/run1/HIS4_STRCO_1-200/compare/aux/HIS4_STRCO_1-200_1vzw_A_1.pdb,224,234,219,219
output/run1/HIS4_STRCO_1-200/fold/HIS4_STRCO_1-200_significant_ECs_0.99_2_hMIN.pdb,93,36.6,22,8.799999999999999,0.3721311475409836,6,172,12,139,11,53,1,147,2,50,198,2.948,0.7070000000000001,0.758,0.7070000000000001,output/run1/HIS4_STRCO_1-200/compare/aux/HIS4_STRCO_1-200_1vzw_A_1.pdb,224,234,219,219
output/run1/HIS4_STRCO_1-200/fold/HIS4_STRCO_1-200_235_2_hMIN.pdb,93,36.4,19,9.8,0.37868852459016394,6,172,12,139,9,39,1,147,2,50,192,2.8280000000000003,0.693,0.758,0.693,output/run1/HIS4_STRCO_1-200/compare/aux/HIS4_STRCO_1-200_1vzw_A_1.pdb,224,234,219,219
output/run1/HIS4_STRCO_1-200/fold/HIS4_STRCO_1-200_259_8_hMIN.pdb,93,36.6,25,13.6,0.4114754098360656,6,172,12,139,11,53,1,147,1,50,199,2.99,0.708,0.757,0.708,output/run1/HIS4_STRCO_1-200/compare/aux/HIS4_STRCO_1-200_1vzw_A_1.pdb,224,234,219,219
output/run1/HIS4_STRCO_1-200/fold/HIS4_STRCO_1-200_259_5_hMIN.pdb,93,41.0,19,8.8,0.4081967213114754,6,172,12,139,14,24,1,147,1,50,199,2.9930000000000003,0.705,0.7559999999999999,0.705,output/run1/HIS4_STRCO_1-200/compare/aux/HIS4_STRCO_1-200_1vzw_A_1.pdb,224,234,219,219
output/run1/HIS4_STRCO_1-200/fold/HIS4_STRCO_1-200_223_10_hMIN.pdb,93,43.2,22,11.600000000000001,0.4491803278688525,6,172,12,139,9,39,1,147,3,45,193,2.8810000000000002,0.698,0.7559999999999999,0.698,output/run1/HIS4_STRCO_1-200/compare/aux/HIS4_STRCO_1-200_1vzw_A_1.pdb,224,234,219,219
output/run1/HIS4_STRCO_1-200/fold/HIS4_STRCO_1-200_259_1_hMIN.pdb,93,40.0,21,10.200000000000001,0.4114754098360656,6,172,12,139,14,24,1,147,1,50,196,2.9419999999999997,0.7,0.754,0.7,output/run1/HIS4_STRCO_1-200/compare/aux/HIS4_STRCO_1-200_1vzw_A_1.pdb,224,234,219,219
output/run1/HIS4_STRCO_1-200/fold/HIS4_STRCO_1-200_235_9_hMIN.pdb,93,45.0,18,7.000000000000001,0.4262295081967213,6,172,12,139,9,39,1,147,3,45,195,2.9210000000000003,0.6990000000000001,0.754,0.6990000000000001,output/run1/HIS4_STRCO_1-200/compare/aux/HIS4_STRCO_1-200_1vzw_A_1.pdb,224,234,219,219
output/run1/HIS4_STRCO_1-200/fold/HIS4_STRCO_1-200_235_6_hMIN.pdb,93,34.6,17,8.6,0.35409836065573774,6,172,12,139,9,39,1,147,3,45,188,2.819,0.684,0.754,0.684,output/run1/HIS4_STRCO_1-200/compare/aux/HIS4_STRCO_1-200_1vzw_A_1.pdb,224,234,219,219
output/run1/HIS4_STRCO_1-200/fold/HIS4_STRCO_1-200_163_2_hMIN.pdb,93,50.8,17,8.0,0.4819672131147541,6,172,12,139,19,13,1,147,1,50,202,3.1289999999999996,0.705,0.753,0.705,output/run1/HIS4_STRCO_1-200/compare/aux/HIS4_STRCO_1-200_1vzw_A_1.pdb,224,234,219,219
output/run1/HIS4_STRCO_1-200/fold/HIS4_STRCO_1-200_163_6_hMIN.pdb,93,39.00000000000001,22,9.4,0.3967213114754099,6,172,12,139,9,39,1,147,1,50,195,2.9539999999999997,0.6940000000000001,0.752,0.6940000000000001,output/run1/HIS4_STRCO_1-200/compare/aux/HIS4_STRCO_1-200_1vzw_A_1.pdb,224,234,219,219
output/run1/HIS4_STRCO_1-200/fold/HIS4_STRCO_1-200_283_5_hMIN.pdb,93,43.8,20,11.2,0.45081967213114754,6,172,12,139,11,53,1,147,2,50,195,2.948,0.6970000000000001,0.752,0.6970000000000001,output/run1/HIS4_STRCO_1-200/compare/aux/HIS4_STRCO_1-200_1vzw_A_1.pdb,224,234,219,219
output/run1/HIS4_STRCO_1-200/fold/HIS4_STRCO_1-200_271_6_hMIN.pdb,93,42.4,19,10.4,0.43278688524590164,6,172,12,139,11,53,1,147,3,45,195,2.946,0.696,0.752,0.696,output/run1/HIS4_STRCO_1-200/compare/aux/HIS4_STRCO_1-200_1vzw_A_1.pdb,224,234,219,219
output/run1/HIS4_STRCO_1-200/fold/HIS4_STRCO_1-200_significant_ECs_0.99_5_hMIN.pdb,93,38.2,23,10.200000000000001,0.3967213114754099,6,172,12,139,11,53,1,147,2,50,200,3.063,0.7020000000000001,0.75,0.7020000000000001,output/run1/HIS4_STRCO_1-200/compare/aux/HIS4_STRCO_1-200_1vzw_A_1.pdb,224,234,219,219
output/run1/HIS4_STRCO_1-200/fold/HIS4_STRCO_1-200_235_8_hMIN.pdb,93,34.800000000000004,22,11.600000000000001,0.38032786885245906,6,172,12,139,9,39,1,147,3,45,190,2.8819999999999997,0.6829999999999999,0.75,0.6829999999999999,output/run1/HIS4_STRCO_1-200/compare/aux/HIS4_STRCO_1-200_1vzw_A_1.pdb,224,234,219,219
output/run1/HIS4_STRCO_1-200/fold/HIS4_STRCO_1-200_211_2_hMIN.pdb,93,45.6,20,9.4,0.45081967213114754,6,172,12,139,9,39,1,147,3,45,199,3.056,0.701,0.75,0.701,output/run1/HIS4_STRCO_1-200/compare/aux/HIS4_STRCO_1-200_1vzw_A_1.pdb,224,234,219,219
output/run1/HIS4_STRCO_1-200/fold/HIS4_STRCO_1-200_283_3_hMIN.pdb,93,45.8,22,10.8,0.46393442622950815,6,172,12,139,11,53,1,147,1,50,196,3.023,0.69,0.7490000000000001,0.69,output/run1/HIS4_STRCO_1-200/compare/aux/HIS4_STRCO_1-200_1vzw_A_1.pdb,224,234,219,219
output/run1/HIS4_STRCO_1-200/fold/HIS4_STRCO_1-200_223_9_hMIN.pdb,93,47.39999999999999,21,11.4,0.481967213114754,6,172,12,139,9,39,1,147,1,50,199,3.029,0.7,0.748,0.7,output/run1/HIS4_STRCO_1-200/compare/aux/HIS4_STRCO_1-200_1vzw_A_1.pdb,224,234,219,219
output/run1/HIS4_STRCO_1-200/fold/HIS4_STRCO_1-200_175_2_hMIN.pdb,93,41.0,21,8.2,0.4032786885245902,6,172,12,139,9,39,1,147,1,50,191,2.917,0.682,0.748,0.682,output/run1/HIS4_STRCO_1-200/compare/aux/HIS4_STRCO_1-200_1vzw_A_1.pdb,224,234,219,219
output/run1/HIS4_STRCO_1-200/fold/HIS4_STRCO_1-200_199_7_hMIN.pdb,93,49.6,18,9.0,0.48032786885245904,6,172,12,139,9,39,1,147,1,50,197,3.053,0.6920000000000001,0.748,0.6920000000000001,output/run1/HIS4_STRCO_1-200/compare/aux/HIS4_STRCO_1-200_1vzw_A_1.pdb,224,234,219,219
output/run1/HIS4_STRCO_1-200/fold/HIS4_STRCO_1-200_211_5_hMIN.pdb,93,39.0,20,9.6,0.3983606557377049,6,172,12,139,14,24,1,147,2,50,188,2.865,0.679,0.747,0.679,output/run1/HIS4_STRCO_1-200/compare/aux/HIS4_STRCO_1-200_1vzw_A_1.pdb,224,234,219,219
output/run1/HIS4_STRCO_1-200/fold/HIS4_STRCO_1-200_significant_ECs_0.99_1_hMIN.pdb,93,39.0,27,12.799999999999999,0.4245901639344262,6,172,12,139,11,53,1,147,2,50,196,3.033,0.6890000000000001,0.747,0.6890000000000001,output/run1/HIS4_STRCO_1-200/compare/aux/HIS4_STRCO_1-200_1vzw_A_1.pdb,224,234,219,219
output/run1/HIS4_STRCO_1-200/fold/HIS4_STRCO_1-200_235_10_hMIN.pdb,93,38.8,24,11.799999999999999,0.4147540983606557,6,172,12,139,9,39,1,147,2,50,193,2.9619999999999997,0.6859999999999999,0.746,0.6859999999999999,output/run1/HIS4_STRCO_1-200/compare/aux/HIS4_STRCO_1-200_1vzw_A_1.pdb,224,234,219,219
output/run1/HIS4_STRCO_1-200/fold/HIS4_STRCO_1-200_283_10_hMIN.pdb,93,45.0,19,10.6,0.4557377049180328,6,172,12,139,11,53,1,147,2,50,201,3.109,0.701,0.746,0.701,output/run1/HIS4_STRCO_1-200/compare/aux/HIS4_STRCO_1-200_1vzw_A_1.pdb,224,234,219,219
output/run1/HIS4_STRCO_1-200/fold/HIS4_STRCO_1-200_187_10_hMIN.pdb,93,35.6,21,9.6,0.3704918032786885,6,172,12,139,9,39,1,147,1,50,191,2.9789999999999996,0.6809999999999999,0.746,0.6809999999999999,output/run1/HIS4_STRCO_1-200/compare/aux/HIS4_STRCO_1-200_1vzw_A_1.pdb,224,234,219,219
output/run1/HIS4_STRCO_1-200/fold/HIS4_STRCO_1-200_187_4_hMIN.pdb,93,37.99999999999999,18,9.0,0.3852459016393442,6,172,12,139,9,39,1,147,1,50,200,3.155,0.6920000000000001,0.745,0.6920000000000001,output/run1/HIS4_STRCO_1-200/compare/aux/HIS4_STRCO_1-200_1vzw_A_1.pdb,224,234,219,219
output/run1/HIS4_STRCO_1-200/fold/HIS4_STRCO_1-200_247_2_hMIN.pdb,93,40.4,25,10.2,0.4147540983606557,6,172,12,139,14,24,1,147,3,45,192,2.992,0.68,0.7440000000000001,0.68,output/run1/HIS4_STRCO_1-200/compare/aux/HIS4_STRCO_1-200_1vzw_A_1.pdb,224,234,219,219
output/run1/HIS4_STRCO_1-200/fold/HIS4_STRCO_1-200_significant_ECs_0.99_4_hMIN.pdb,93,36.400000000000006,24,7.4,0.359016393442623,6,172,12,139,11,53,1,147,3,45,188,2.891,0.677,0.7440000000000001,0.677,output/run1/HIS4_STRCO_1-200/compare/aux/HIS4_STRCO_1-200_1vzw_A_1.pdb,224,234,219,219
output/run1/HIS4_STRCO_1-200/fold/HIS4_STRCO_1-200_259_10_hMIN.pdb,93,38.800000000000004,20,11.0,0.40819672131147544,6,172,12,139,14,24,1,147,2,50,184,2.8369999999999997,0.6659999999999999,0.743,0.6659999999999999,output/run1/HIS4_STRCO_1-200/compare/aux/HIS4_STRCO_1-200_1vzw_A_1.pdb,224,234,219,219
output/run1/HIS4_STRCO_1-200/fold/HIS4_STRCO_1-200_223_2_hMIN.pdb,93,43.0,22,12.200000000000001,0.45245901639344266,6,172,12,139,9,39,1,147,2,50,196,3.0660000000000003,0.6859999999999999,0.743,0.6859999999999999,output/run1/HIS4_STRCO_1-200/compare/aux/HIS4_STRCO_1-200_1vzw_A_1.pdb,224,234,219,219
output/run1/HIS4_STRCO_1-200/fold/HIS4_STRCO_1-200_295_9_hMIN.pdb,93,39.400000000000006,20,12.0,0.4213114754098361,6,172,12,139,11,53,1,147,2,50,194,3.009,0.6829999999999999,0.743,0.6829999999999999,output/run1/HIS4_STRCO_1-200/compare/aux/HIS4_STRCO_1-200_1vzw_A_1.pdb,224,234,219,219
output/run1/HIS4_STRCO_1-200/fold/HIS4_STRCO_1-200_271_8_hMIN.pdb,93,40.6,25,15.200000000000001,0.4573770491803279,6,172,12,139,11,53,1,147,3,45,187,2.8989999999999996,0.669,0.742,0.669,output/run1/HIS4_STRCO_1-200/compare/aux/HIS4_STRCO_1-200_1vzw_A_1.pdb,224,234,219,219
output/run1/HIS4_STRCO_1-200/fold/HIS4_STRCO_1-200_271_2_hMIN.pdb,93,47.2,19,10.2,0.47049180327868856,6,172,12,139,11,53,1,147,2,50,197,3.093,0.688,0.742,0.688,output/run1/HIS4_STRCO_1-200/compare/aux/HIS4_STRCO_1-200_1vzw_A_1.pdb,224,234,219,219
output/run1/HIS4_STRCO_1-200/fold/HIS4_STRCO_1-200_271_3_hMIN.pdb,93,43.0,20,13.6,0.4639344262295082,6,172,12,139,11,53,1,147,3,45,194,3.03,0.685,0.742,0.685,output/run1/HIS4_STRCO_1-200/compare/aux/HIS4_STRCO_1-200_1vzw_A_1.pdb,224,234,219,219
output/run1/HIS4_STRCO_1-200/fold/HIS4_STRCO_1-200_247_1_hMIN.pdb,93,36.0,17,9.400000000000002,0.37213114754098364,6,172,12,139,11,53,1,147,2,50,192,2.9330000000000003,0.682,0.742,0.682,output/run1/HIS4_STRCO_1-200/compare/aux/HIS4_STRCO_1-200_1vzw_A_1.pdb,224,234,219,219
output/run1/HIS4_STRCO_1-200/fold/HIS4_STRCO_1-200_significant_ECs_0.99_7_hMIN.pdb,93,35.4,24,12.799999999999999,0.3950819672131147,6,172,12,139,11,53,1,147,2,50,195,3.035,0.685,0.741,0.685,output/run1/HIS4_STRCO_1-200/compare/aux/HIS4_STRCO_1-200_1vzw_A_1.pdb,224,234,219,219
output/run1/HIS4_STRCO_1-200/fold/HIS4_STRCO_1-200_247_5_hMIN.pdb,93,42.199999999999996,21,9.0,0.4196721311475409,6,172,12,139,14,24,1,147,2,50,192,3.002,0.68,0.741,0.68,output/run1/HIS4_STRCO_1-200/compare/aux/HIS4_STRCO_1-200_1vzw_A_1.pdb,224,234,219,219
output/run1/HIS4_STRCO_1-200/fold/HIS4_STRCO_1-200_187_5_hMIN.pdb,93,37.4,21,11.600000000000001,0.4016393442622951,6,172,12,139,9,39,1,147,1,50,197,3.136,0.687,0.741,0.687,output/run1/HIS4_STRCO_1-200/compare/aux/HIS4_STRCO_1-200_1vzw_A_1.pdb,224,234,219,219
output/run1/HIS4_STRCO_1-200/fold/HIS4_STRCO_1-200_247_3_hMIN.pdb,93,43.0,19,11.4,0.4459016393442623,6,172,12,139,11,53,1,147,1,50,195,3.073,0.684,0.741,0.684,output/run1/HIS4_STRCO_1-200/compare/aux/HIS4_STRCO_1-200_1vzw_A_1.pdb,224,234,219,219
output/run1/HIS4_STRCO_1-200/fold/HIS4_STRCO_1-200_199_5_hMIN.pdb,93,34.2,20,10.200000000000001,0.3639344262295082,6,172,12,139,14,24,1,147,1,50,185,2.9139999999999997,0.6629999999999999,0.74,0.6629999999999999,output/run1/HIS4_STRCO_1-200/compare/aux/HIS4_STRCO_1-200_1vzw_A_1.pdb,224,234,219,219
output/run1/HIS4_STRCO_1-200/fold/HIS4_STRCO_1-200_259_7_hMIN.pdb,93,35.8,18,9.4,0.37049180327868847,6,172,12,139,14,24,1,147,1,50,185,2.8810000000000002,0.665,0.74,0.665,output/run1/HIS4_STRCO_1-200/compare/aux/HIS4_STRCO_1-200_1vzw_A_1.pdb,224,234,219,219
output/run1/HIS4_STRCO_1-200/fold/HIS4_STRCO_1-200_295_7_hMIN.pdb,93,46.0,22,12.4,0.4786885245901639,6,172,12,139,11,53,1,147,2,50,193,3.0460000000000003,0.68,0.74,0.68,output/run1/HIS4_STRCO_1-200/compare/aux/HIS4_STRCO_1-200_1vzw_A_1.pdb,224,234,219,219
output/run1/HIS4_STRCO_1-200/fold/HIS4_STRCO_1-200_283_7_hMIN.pdb,93,41.8,20,11.4,0.43606557377049177,6,172,12,139,11,53,1,147,1,50,195,3.08,0.682,0.74,0.682,output/run1/HIS4_STRCO_1-200/compare/aux/HIS4_STRCO_1-200_1vzw_A_1.pdb,224,234,219,219
output/run1/HIS4_STRCO_1-200/fold/HIS4_STRCO_1-200_163_5_hMIN.pdb,93,42.80000000000001,19,7.0,0.4081967213114755,6,172,12,139,19,13,1,147,1,50,192,3.048,0.6759999999999999,0.7390000000000001,0.6759999999999999,output/run1/HIS4_STRCO_1-200/compare/aux/HIS4_STRCO_1-200_1vzw_A_1.pdb,224,234,219,219
output/run1/HIS4_STRCO_1-200/fold/HIS4_STRCO_1-200_211_4_hMIN.pdb,93,39.2,23,13.200000000000001,0.4295081967213115,6,172,12,139,9,39,1,147,1,50,193,3.063,0.679,0.7390000000000001,0.679,output/run1/HIS4_STRCO_1-200/compare/aux/HIS4_STRCO_1-200_1vzw_A_1.pdb,224,234,219,219
output/run1/HIS4_STRCO_1-200/fold/HIS4_STRCO_1-200_295_3_hMIN.pdb,93,38.99999999999999,20,10.4,0.40491803278688515,6,172,12,139,11,53,1,147,2,50,193,3.092,0.677,0.7390000000000001,0.677,output/run1/HIS4_STRCO_1-200/compare/aux/HIS4_STRCO_1-200_1vzw_A_1.pdb,224,234,219,219
output/run1/HIS4_STRCO_1-200/fold/HIS4_STRCO_1-200_223_6_hMIN.pdb,93,40.400000000000006,23,13.200000000000001,0.43934426229508206,6,172,12,139,9,39,1,147,1,50,191,3.003,0.674,0.7390000000000001,0.674,output/run1/HIS4_STRCO_1-200/compare/aux/HIS4_STRCO_1-200_1vzw_A_1.pdb,224,234,219,219
output/run1/HIS4_STRCO_1-200/fold/HIS4_STRCO_1-200_283_9_hMIN.pdb,93,37.4,12,6.999999999999999,0.36393442622950817,6,172,12,139,11,53,1,147,2,50,195,3.0469999999999997,0.685,0.738,0.685,output/run1/HIS4_STRCO_1-200/compare/aux/HIS4_STRCO_1-200_1vzw_A_1.pdb,224,234,219,219
output/run1/HIS4_STRCO_1-200/fold/HIS4_STRCO_1-200_271_10_hMIN.pdb,93,40.8,23,10.4,0.4196721311475409,6,172,12,139,11,53,1,147,2,50,196,3.135,0.682,0.738,0.682,output/run1/HIS4_STRCO_1-200/compare/aux/HIS4_STRCO_1-200_1vzw_A_1.pdb,224,234,219,219
output/run1/HIS4_STRCO_1-200/fold/HIS4_STRCO_1-200_175_5_hMIN.pdb,93,38.400000000000006,23,10.4,0.4,6,172,12,139,19,13,1,147,1,50,188,3.015,0.6659999999999999,0.737,0.6659999999999999,output/run1/HIS4_STRCO_1-200/compare/aux/HIS4_STRCO_1-200_1vzw_A_1.pdb,224,234,219,219
output/run1/HIS4_STRCO_1-200/fold/HIS4_STRCO_1-200_295_5_hMIN.pdb,93,36.0,20,13.2,0.4032786885245902,6,172,12,139,11,53,1,147,2,50,200,3.177,0.69,0.737,0.69,output/run1/HIS4_STRCO_1-200/compare/aux/HIS4_STRCO_1-200_1vzw_A_1.pdb,224,234,219,219
output/run1/HIS4_STRCO_1-200/fold/HIS4_STRCO_1-200_295_10_hMIN.pdb,93,39.4,17,11.4,0.4163934426229508,6,172,12,139,11,53,1,147,2,50,189,2.983,0.67,0.737,0.67,output/run1/HIS4_STRCO_1-200/compare/aux/HIS4_STRCO_1-200_1vzw_A_1.pdb,224,234,219,219
output/run1/HIS4_STRCO_1-200/fold/HIS4_STRCO_1-200_187_1_hMIN.pdb,93,37.2,18,7.2,0.3639344262295082,6,172,12,139,19,13,1,147,1,50,199,3.202,0.6859999999999999,0.737,0.6859999999999999,output/run1/HIS4_STRCO_1-200/compare/aux/HIS4_STRCO_1-200_1vzw_A_1.pdb,224,234,219,219
output/run1/HIS4_STRCO_1-200/fold/HIS4_STRCO_1-200_223_5_hMIN.pdb,93,46.20000000000001,18,8.600000000000001,0.44918032786885254,6,172,12,139,9,39,1,147,3,45,197,3.0780000000000003,0.687,0.737,0.687,output/run1/HIS4_STRCO_1-200/compare/aux/HIS4_STRCO_1-200_1vzw_A_1.pdb,224,234,219,219
output/run1/HIS4_STRCO_1-200/fold/HIS4_STRCO_1-200_significant_ECs_0.99_9_hMIN.pdb,93,46.2,25,9.8,0.45901639344262296,6,172,12,139,11,53,1,147,2,50,192,3.056,0.674,0.737,0.674,output/run1/HIS4_STRCO_1-200/compare/aux/HIS4_STRCO_1-200_1vzw_A_1.pdb,224,234,219,219
output/run1/HIS4_STRCO_1-200/fold/HIS4_STRCO_1-200_187_7_hMIN.pdb,93,40.8,20,9.6,0.4131147540983606,6,172,12,139,9,39,1,147,1,50,185,2.9589999999999996,0.66,0.736,0.66,output/run1/HIS4_STRCO_1-200/compare/aux/HIS4_STRCO_1-200_1vzw_A_1.pdb,224,234,219,219
output/run1/HIS4_STRCO_1-200/fold/HIS4_STRCO_1-200_139_4_hMIN.pdb,93,43.6,22,13.8,0.47049180327868856,6,172,10,18,12,8,1,147,2,50,187,2.99,0.665,0.736,0.665,output/run1/HIS4_STRCO_1-200/compare/aux/HIS4_STRCO_1-200_1vzw_A_1.pdb,224,234,219,219
output/run1/HIS4_STRCO_1-200/fold/HIS4_STRCO_1-200_295_2_hMIN.pdb,93,35.00000000000001,14,8.4,0.35573770491803286,6,172,12,139,11,53,1,147,3,45,189,3.01,0.667,0.736,0.667,output/run1/HIS4_STRCO_1-200/compare/aux/HIS4_STRCO_1-200_1vzw_A_1.pdb,224,234,219,219
output/run1/HIS4_STRCO_1-200/fold/HIS4_STRCO_1-200_175_9_hMIN.pdb,93,48.0,26,11.4,0.48688524590163934,6,172,12,139,19,13,1,147,1,50,192,3.0869999999999997,0.6729999999999999,0.735,0.6729999999999999,output/run1/HIS4_STRCO_1-200/compare/aux/HIS4_STRCO_1-200_1vzw_A_1.pdb,224,234,219,219
output/run1/HIS4_STRCO_1-200/fold/HIS4_STRCO_1-200_235_4_hMIN.pdb,93,35.6,23,12.4,0.39344262295081966,6,172,12,139,9,39,1,147,3,45,185,2.9339999999999997,0.6609999999999999,0.735,0.6609999999999999,output/run1/HIS4_STRCO_1-200/compare/aux/HIS4_STRCO_1-200_1vzw_A_1.pdb,224,234,219,219
output/run1/HIS4_STRCO_1-200/fold/HIS4_STRCO_1-200_significant_ECs_0.9_6_hMIN.pdb,93,44.2,22,10.8,0.45081967213114754,6,172,12,139,24,2,1,147,3,45,187,2.9410000000000003,0.6659999999999999,0.735,0.6659999999999999,output/run1/HIS4_STRCO_1-200/compare/aux/HIS4_STRCO_1-200_1vzw_A_1.pdb,224,234,219,219
output/run1/HIS4_STRCO_1-200/fold/HIS4_STRCO_1-200_223_4_hMIN.pdb,93,35.0,26,12.8,0.39180327868852455,6,172,12,139,9,39,1,147,3,45,184,2.9560000000000004,0.657,0.735,0.657,output/run1/HIS4_STRCO_1-200/compare/aux/HIS4_STRCO_1-200_1vzw_A_1.pdb,224,234,219,219
output/run1/HIS4_STRCO_1-200/fold/HIS4_STRCO_1-200_271_1_hMIN.pdb,93,37.599999999999994,20,11.6,0.40327868852459015,6,172,12,139,11,53,1,147,2,50,190,3.073,0.6679999999999999,0.7340000000000001,0.6679999999999999,output/run1/HIS4_STRCO_1-200/compare/aux/HIS4_STRCO_1-200_1vzw_A_1.pdb,224,234,219,219
output/run1/HIS4_STRCO_1-200/fold/HIS4_STRCO_1-200_271_4_hMIN.pdb,93,37.8,23,10.6,0.39672131147540984,6,172,12,139,11,53,1,147,3,45,190,3.01,0.669,0.7340000000000001,0.669,output/run1/HIS4_STRCO_1-200/compare/aux/HIS4_STRCO_1-200_1vzw_A_1.pdb,224,234,219,219
output/run1/HIS4_STRCO_1-200/fold/HIS4_STRCO_1-200_211_10_hMIN.pdb,93,42.199999999999996,25,12.4,0.4475409836065573,6,172,12,139,9,39,1,147,2,50,194,3.137,0.675,0.7340000000000001,0.675,output/run1/HIS4_STRCO_1-200/compare/aux/HIS4_STRCO_1-200_1vzw_A_1.pdb,224,234,219,219
output/run1/HIS4_STRCO_1-200/fold/HIS4_STRCO_1-200_significant_ECs_0.9_3_hMIN.pdb,93,28.200000000000003,20,7.8,0.29508196721311475,6,172,12,139,11,53,1,147,2,50,194,3.1210000000000004,0.675,0.733,0.675,output/run1/HIS4_STRCO_1-200/compare/aux/HIS4_STRCO_1-200_1vzw_A_1.pdb,224,234,219,219
output/run1/HIS4_STRCO_1-200/fold/HIS4_STRCO_1-200_significant_ECs_0.99_8_hMIN.pdb,93,32.4,24,10.2,0.3491803278688524,6,172,12,139,11,53,1,147,3,45,192,3.085,0.672,0.733,0.672,output/run1/HIS4_STRCO_1-200/compare/aux/HIS4_STRCO_1-200_1vzw_A_1.pdb,224,234,219,219
output/run1/HIS4_STRCO_1-200/fold/HIS4_STRCO_1-200_211_7_hMIN.pdb,93,36.6,21,11.000000000000002,0.39016393442622954,6,172,12,139,9,39,1,147,1,50,193,3.135,0.672,0.732,0.672,output/run1/HIS4_STRCO_1-200/compare/aux/HIS4_STRCO_1-200_1vzw_A_1.pdb,224,234,219,219
output/run1/HIS4_STRCO_1-200/fold/HIS4_STRCO_1-200_163_1_hMIN.pdb,93,39.4,22,9.0,0.39672131147540984,6,172,12,139,12,8,1,147,1,50,196,3.201,0.674,0.731,0.674,output/run1/HIS4_STRCO_1-200/compare/aux/HIS4_STRCO_1-200_1vzw_A_1.pdb,224,234,219,219
output/run1/HIS4_STRCO_1-200/fold/HIS4_STRCO_1-200_significant_ECs_0.9_10_hMIN.pdb,93,37.599999999999994,18,7.8,0.37213114754098353,6,172,12,139,11,53,1,147,2,50,190,3.1310000000000002,0.664,0.731,0.664,output/run1/HIS4_STRCO_1-200/compare/aux/HIS4_STRCO_1-200_1vzw_A_1.pdb,224,234,219,219
output/run1/HIS4_STRCO_1-200/fold/HIS4_STRCO_1-200_283_6_hMIN.pdb,93,42.0,23,6.8,0.39999999999999997,6,172,12,139,11,53,1,147,3,45,187,2.972,0.664,0.731,0.664,output/run1/HIS4_STRCO_1-200/compare/aux/HIS4_STRCO_1-200_1vzw_A_1.pdb,224,234,219,219
output/run1/HIS4_STRCO_1-200/fold/HIS4_STRCO_1-200_283_1_hMIN.pdb,93,42.800000000000004,20,13.0,0.4573770491803279,6,172,12,139,11,53,1,147,2,50,194,3.161,0.6709999999999999,0.7290000000000001,0.6709999999999999,output/run1/HIS4_STRCO_1-200/compare/aux/HIS4_STRCO_1-200_1vzw_A_1.pdb,224,234,219,219
output/run1/HIS4_STRCO_1-200/fold/HIS4_STRCO_1-200_247_4_hMIN.pdb,93,40.6,19,7.2,0.3918032786885246,6,172,12,139,14,24,1,147,1,50,190,3.072,0.664,0.7290000000000001,0.664,output/run1/HIS4_STRCO_1-200/compare/aux/HIS4_STRCO_1-200_1vzw_A_1.pdb,224,234,219,219
output/run1/HIS4_STRCO_1-200/fold/HIS4_STRCO_1-200_223_3_hMIN.pdb,93,37.2,21,7.8,0.36885245901639346,6,172,12,139,14,24,1,147,1,50,190,3.1630000000000003,0.659,0.728,0.659,output/run1/HIS4_STRCO_1-200/compare/aux/HIS4_STRCO_1-200_1vzw_A_1.pdb,224,234,219,219
output/run1/HIS4_STRCO_1-200/fold/HIS4_STRCO_1-200_175_8_hMIN.pdb,93,40.00000000000001,22,9.4,0.4049180327868853,6,172,12,139,19,13,1,147,1,50,188,3.0580000000000003,0.6609999999999999,0.727,0.6609999999999999,output/run1/HIS4_STRCO_1-200/compare/aux/HIS4_STRCO_1-200_1vzw_A_1.pdb,224,234,219,219
output/run1/HIS4_STRCO_1-200/fold/HIS4_STRCO_1-200_151_2_hMIN.pdb,93,43.199999999999996,22,11.4,0.4475409836065573,6,172,10,18,12,8,1,147,2,50,180,2.8989999999999996,0.6459999999999999,0.727,0.6459999999999999,output/run1/HIS4_STRCO_1-200/compare/aux/HIS4_STRCO_1-200_1vzw_A_1.pdb,224,234,219,219
output/run1/HIS4_STRCO_1-200/fold/HIS4_STRCO_1-200_significant_ECs_0.9_8_hMIN.pdb,93,37.0,16,5.2,0.3459016393442623,6,172,12,139,11,53,1,147,2,50,191,3.1719999999999997,0.66,0.727,0.66,output/run1/HIS4_STRCO_1-200/compare/aux/HIS4_STRCO_1-200_1vzw_A_1.pdb,224,234,219,219
output/run1/HIS4_STRCO_1-200/fold/HIS4_STRCO_1-200_223_7_hMIN.pdb,93,38.6,22,9.0,0.39016393442622954,6,172,12,139,14,24,1,147,3,45,193,3.09,0.6709999999999999,0.726,0.6709999999999999,output/run1/HIS4_STRCO_1-200/compare/aux/HIS4_STRCO_1-200_1vzw_A_1.pdb,224,234,219,219
output/run1/HIS4_STRCO_1-200/fold/HIS4_STRCO_1-200_211_1_hMIN.pdb,93,48.6,13,6.2,0.4491803278688525,6,172,12,139,14,24,1,147,1,50,195,3.239,0.669,0.725,0.669,output/run1/HIS4_STRCO_1-200/compare/aux/HIS4_STRCO_1-200_1vzw_A_1.pdb,224,234,219,219
output/run1/HIS4_STRCO_1-200/fold/HIS4_STRCO_1-200_175_7_hMIN.pdb,93,36.4,26,12.8,0.4032786885245902,6,172,12,139,19,13,1,147,1,50,188,3.0869999999999997,0.657,0.725,0.657,output/run1/HIS4_STRCO_1-200/compare/aux/HIS4_STRCO_1-200_1vzw_A_1.pdb,224,234,219,219
output/run1/HIS4_STRCO_1-200/fold/HIS4_STRCO_1-200_significant_ECs_0.9_1_hMIN.pdb,93,39.800000000000004,21,11.6,0.4213114754098361,6,172,12,139,11,53,1,147,2,50,187,3.16,0.652,0.7240000000000001,0.652,output/run1/HIS4_STRCO_1-200/compare/aux/HIS4_STRCO_1-200_1vzw_A_1.pdb,224,234,219,219
output/run1/HIS4_STRCO_1-200/fold/HIS4_STRCO_1-200_199_9_hMIN.pdb,93,41.400000000000006,23,11.2,0.43114754098360664,6,172,12,139,9,39,1,147,2,50,193,3.222,0.662,0.7240000000000001,0.662,output/run1/HIS4_STRCO_1-200/compare/aux/HIS4_STRCO_1-200_1vzw_A_1.pdb,224,234,219,219
output/run1/HIS4_STRCO_1-200/fold/HIS4_STRCO_1-200_235_3_hMIN.pdb,93,41.6,16,8.4,0.4098360655737705,6,172,12,139,14,24,1,147,3,45,185,3.008,0.653,0.7240000000000001,0.653,output/run1/HIS4_STRCO_1-200/compare/aux/HIS4_STRCO_1-200_1vzw_A_1.pdb,224,234,219,219
output/run1/HIS4_STRCO_1-200/fold/HIS4_STRCO_1-200_187_9_hMIN.pdb,93,37.599999999999994,19,7.0,0.36557377049180323,6,172,12,139,9,39,1,147,2,50,193,3.272,0.659,0.723,0.659,output/run1/HIS4_STRCO_1-200/compare/aux/HIS4_STRCO_1-200_1vzw_A_1.pdb,224,234,219,219
output/run1/HIS4_STRCO_1-200/fold/HIS4_STRCO_1-200_significant_ECs_0.99_10_hMIN.pdb,93,44.8,22,8.0,0.43278688524590164,6,172,12,139,11,53,1,147,3,45,190,3.139,0.659,0.722,0.659,output/run1/HIS4_STRCO_1-200/compare/aux/HIS4_STRCO_1-200_1vzw_A_1.pdb,224,234,219,219
output/run1/HIS4_STRCO_1-200/fold/HIS4_STRCO_1-200_187_3_hMIN.pdb,93,37.199999999999996,20,8.200000000000001,0.3721311475409836,6,172,12,139,9,39,1,147,1,50,190,3.199,0.655,0.722,0.655,output/run1/HIS4_STRCO_1-200/compare/aux/HIS4_STRCO_1-200_1vzw_A_1.pdb,224,234,219,219
output/run1/HIS4_STRCO_1-200/fold/HIS4_STRCO_1-200_259_3_hMIN.pdb,93,41.0,23,12.2,0.4360655737704918,6,172,12,139,11,53,1,147,3,45,193,3.2,0.6629999999999999,0.722,0.6629999999999999,output/run1/HIS4_STRCO_1-200/compare/aux/HIS4_STRCO_1-200_1vzw_A_1.pdb,224,234,219,219
output/run1/HIS4_STRCO_1-200/fold/HIS4_STRCO_1-200_235_7_hMIN.pdb,93,31.4,23,10.200000000000001,0.3409836065573771,6,172,12,139,9,39,1,147,3,45,183,3.0639999999999996,0.644,0.721,0.644,output/run1/HIS4_STRCO_1-200/compare/aux/HIS4_STRCO_1-200_1vzw_A_1.pdb,224,234,219,219
output/run1/HIS4_STRCO_1-200/fold/HIS4_STRCO_1-200_211_6_hMIN.pdb,93,42.0,18,9.799999999999999,0.4245901639344262,6,172,12,139,9,39,1,147,1,50,181,3.088,0.636,0.72,0.636,output/run1/HIS4_STRCO_1-200/compare/aux/HIS4_STRCO_1-200_1vzw_A_1.pdb,224,234,219,219
output/run1/HIS4_STRCO_1-200/fold/HIS4_STRCO_1-200_259_9_hMIN.pdb,93,45.6,15,8.8,0.44590163934426236,6,172,12,139,11,53,1,147,3,45,187,3.1839999999999997,0.647,0.72,0.647,output/run1/HIS4_STRCO_1-200/compare/aux/HIS4_STRCO_1-200_1vzw_A_1.pdb,224,234,219,219
output/run1/HIS4_STRCO_1-200/fold/HIS4_STRCO_1-200_significant_ECs_0.9_2_hMIN.pdb,93,37.400000000000006,21,7.4,0.3672131147540984,6,172,12,139,11,53,1,147,3,45,192,3.239,0.655,0.72,0.655,output/run1/HIS4_STRCO_1-200/compare/aux/HIS4_STRCO_1-200_1vzw_A_1.pdb,224,234,219,219
output/run1/HIS4_STRCO_1-200/fold/HIS4_STRCO_1-200_199_8_hMIN.pdb,93,39.6,21,11.4,0.4180327868852459,6,172,12,139,9,39,1,147,1,50,192,3.2539999999999996,0.6579999999999999,0.72,0.6579999999999999,output/run1/HIS4_STRCO_1-200/compare/aux/HIS4_STRCO_1-200_1vzw_A_1.pdb,224,234,219,219
output/run1/HIS4_STRCO_1-200/fold/HIS4_STRCO_1-200_283_4_hMIN.pdb,93,32.599999999999994,17,7.8,0.3311475409836065,6,172,12,139,14,24,1,147,2,50,185,3.049,0.65,0.72,0.65,output/run1/HIS4_STRCO_1-200/compare/aux/HIS4_STRCO_1-200_1vzw_A_1.pdb,224,234,219,219
output/run1/HIS4_STRCO_1-200/fold/HIS4_STRCO_1-200_199_4_hMIN.pdb,93,39.800000000000004,20,10.6,0.4131147540983607,6,172,12,139,14,24,1,147,1,50,190,3.237,0.654,0.72,0.654,output/run1/HIS4_STRCO_1-200/compare/aux/HIS4_STRCO_1-200_1vzw_A_1.pdb,224,234,219,219
output/run1/HIS4_STRCO_1-200/fold/HIS4_STRCO_1-200_significant_ECs_0.9_5_hMIN.pdb,93,37.199999999999996,13,4.6,0.3426229508196721,6,172,12,139,11,53,1,147,3,45,196,3.3110000000000004,0.6629999999999999,0.7190000000000001,0.6629999999999999,output/run1/HIS4_STRCO_1-200/compare/aux/HIS4_STRCO_1-200_1vzw_A_1.pdb,224,234,219,219
output/run1/HIS4_STRCO_1-200/fold/HIS4_STRCO_1-200_199_2_hMIN.pdb,93,41.2,21,15.0,0.4606557377049181,6,172,12,139,9,39,1,147,3,45,188,3.182,0.65,0.7190000000000001,0.65,output/run1/HIS4_STRCO_1-200/compare/aux/HIS4_STRCO_1-200_1vzw_A_1.pdb,224,234,219,219
output/run1/HIS4_STRCO_1-200/fold/HIS4_STRCO_1-200_175_1_hMIN.pdb,93,37.6,18,8.4,0.3770491803278688,6,172,12,139,12,8,1,147,2,50,191,3.2119999999999997,0.652,0.718,0.652,output/run1/HIS4_STRCO_1-200/compare/aux/HIS4_STRCO_1-200_1vzw_A_1.pdb,224,234,219,219
output/run1/HIS4_STRCO_1-200/fold/HIS4_STRCO_1-200_significant_ECs_0.99_6_hMIN.pdb,93,36.8,23,8.2,0.36885245901639346,6,172,12,139,11,53,1,147,3,45,189,3.175,0.652,0.718,0.652,output/run1/HIS4_STRCO_1-200/compare/aux/HIS4_STRCO_1-200_1vzw_A_1.pdb,224,234,219,219
output/run1/HIS4_STRCO_1-200/fold/HIS4_STRCO_1-200_283_8_hMIN.pdb,93,37.2,20,9.2,0.38032786885245906,6,172,12,139,14,24,1,147,3,45,190,3.185,0.655,0.7170000000000001,0.655,output/run1/HIS4_STRCO_1-200/compare/aux/HIS4_STRCO_1-200_1vzw_A_1.pdb,224,234,219,219
output/run1/HIS4_STRCO_1-200/fold/HIS4_STRCO_1-200_significant_ECs_0.9_9_hMIN.pdb,93,35.800000000000004,14,7.2,0.3524590163934427,6,172,12,139,11,53,1,147,3,45,184,3.117,0.6409999999999999,0.7170000000000001,0.6409999999999999,output/run1/HIS4_STRCO_1-200/compare/aux/HIS4_STRCO_1-200_1vzw_A_1.pdb,224,234,219,219
output/run1/HIS4_STRCO_1-200/fold/HIS4_STRCO_1-200_199_10_hMIN.pdb,93,35.6,19,10.0,0.3737704918032787,6,172,12,139,9,39,1,147,2,50,181,3.085,0.633,0.7170000000000001,0.633,output/run1/HIS4_STRCO_1-200/compare/aux/HIS4_STRCO_1-200_1vzw_A_1.pdb,224,234,219,219
output/run1/HIS4_STRCO_1-200/fold/HIS4_STRCO_1-200_187_8_hMIN.pdb,93,37.8,25,9.399999999999999,0.3868852459016393,6,172,12,139,9,39,1,147,1,50,193,3.31,0.655,0.716,0.655,output/run1/HIS4_STRCO_1-200/compare/aux/HIS4_STRCO_1-200_1vzw_A_1.pdb,224,234,219,219
output/run1/HIS4_STRCO_1-200/fold/HIS4_STRCO_1-200_175_3_hMIN.pdb,93,40.6,29,12.8,0.43770491803278694,6,172,12,139,19,13,1,147,1,50,177,2.943,0.631,0.716,0.631,output/run1/HIS4_STRCO_1-200/compare/aux/HIS4_STRCO_1-200_1vzw_A_1.pdb,224,234,219,219
output/run1/HIS4_STRCO_1-200/fold/HIS4_STRCO_1-200_271_9_hMIN.pdb,93,39.2,25,12.0,0.419672131147541,6,172,12,139,14,24,1,147,3,45,179,3.014,0.633,0.715,0.633,output/run1/HIS4_STRCO_1-200/compare/aux/HIS4_STRCO_1-200_1vzw_A_1.pdb,224,234,219,219
output/run1/HIS4_STRCO_1-200/fold/HIS4_STRCO_1-200_211_9_hMIN.pdb,93,41.0,18,9.000000000000002,0.4098360655737705,6,172,12,139,9,39,1,147,1,50,194,3.282,0.657,0.7140000000000001,0.657,output/run1/HIS4_STRCO_1-200/compare/aux/HIS4_STRCO_1-200_1vzw_A_1.pdb,224,234,219,219
output/run1/HIS4_STRCO_1-200/fold/HIS4_STRCO_1-200_163_10_hMIN.pdb,93,29.0,22,11.6,0.33278688524590166,6,172,12,139,20,2,1,147,3,45,185,3.155,0.6409999999999999,0.713,0.6409999999999999,output/run1/HIS4_STRCO_1-200/compare/aux/HIS4_STRCO_1-200_1vzw_A_1.pdb,224,234,219,219
output/run1/HIS4_STRCO_1-200/fold/HIS4_STRCO_1-200_significant_ECs_0.9_7_hMIN.pdb,93,40.2,12,5.4,0.3737704918032787,6,172,12,139,11,53,1,147,3,45,194,3.338,0.655,0.713,0.655,output/run1/HIS4_STRCO_1-200/compare/aux/HIS4_STRCO_1-200_1vzw_A_1.pdb,224,234,219,219
output/run1/HIS4_STRCO_1-200/fold/HIS4_STRCO_1-200_211_3_hMIN.pdb,93,40.800000000000004,21,8.2,0.4016393442622951,6,172,12,139,9,39,1,147,3,45,176,3.0239999999999996,0.622,0.7120000000000001,0.622,output/run1/HIS4_STRCO_1-200/compare/aux/HIS4_STRCO_1-200_1vzw_A_1.pdb,224,234,219,219
output/run1/HIS4_STRCO_1-200/fold/HIS4_STRCO_1-200_139_1_hMIN.pdb,93,34.199999999999996,21,7.4,0.34098360655737703,6,172,10,18,18,7,1,147,2,50,187,3.237,0.643,0.7120000000000001,0.643,output/run1/HIS4_STRCO_1-200/compare/aux/HIS4_STRCO_1-200_1vzw_A_1.pdb,224,234,219,219
output/run1/HIS4_STRCO_1-200/fold/HIS4_STRCO_1-200_163_9_hMIN.pdb,93,38.2,23,11.200000000000001,0.4049180327868853,6,172,12,139,19,13,1,147,1,50,185,3.1839999999999997,0.6409999999999999,0.7120000000000001,0.6409999999999999,output/run1/HIS4_STRCO_1-200/compare/aux/HIS4_STRCO_1-200_1vzw_A_1.pdb,224,234,219,219
output/run1/HIS4_STRCO_1-200/fold/HIS4_STRCO_1-200_271_7_hMIN.pdb,93,30.400000000000002,18,6.3999999999999995,0.3016393442622951,6,172,12,139,14,24,1,147,3,45,179,3.0269999999999997,0.63,0.711,0.63,output/run1/HIS4_STRCO_1-200/compare/aux/HIS4_STRCO_1-200_1vzw_A_1.pdb,224,234,219,219
output/run1/HIS4_STRCO_1-200/fold/HIS4_STRCO_1-200_223_8_hMIN.pdb,93,33.6,17,11.2,0.36721311475409835,6,172,12,139,9,39,1,147,3,45,184,3.173,0.636,0.71,0.636,output/run1/HIS4_STRCO_1-200/compare/aux/HIS4_STRCO_1-200_1vzw_A_1.pdb,224,234,219,219
output/run1/HIS4_STRCO_1-200/fold/HIS4_STRCO_1-200_199_3_hMIN.pdb,93,42.199999999999996,21,12.4,0.4475409836065573,6,172,12,139,9,39,1,147,1,50,180,3.08,0.631,0.71,0.631,output/run1/HIS4_STRCO_1-200/compare/aux/HIS4_STRCO_1-200_1vzw_A_1.pdb,224,234,219,219
output/run1/HIS4_STRCO_1-200/fold/HIS4_STRCO_1-200_significant_ECs_0.9_4_hMIN.pdb,93,41.0,21,7.8,0.39999999999999997,6,172,12,139,24,2,0,17,3,45,182,3.196,0.631,0.7090000000000001,0.631,output/run1/HIS4_STRCO_1-200/compare/aux/HIS4_STRCO_1-200_1vzw_A_1.pdb,224,234,219,219
output/run1/HIS4_STRCO_1-200/fold/HIS4_STRCO_1-200_223_1_hMIN.pdb,93,39.8,21,7.4,0.3868852459016393,6,172,12,139,14,24,1,147,2,50,175,2.971,0.62,0.7070000000000001,0.62,output/run1/HIS4_STRCO_1-200/compare/aux/HIS4_STRCO_1-200_1vzw_A_1.pdb,224,234,219,219
output/run1/HIS4_STRCO_1-200/fold/HIS4_STRCO_1-200_175_4_hMIN.pdb,93,34.199999999999996,20,11.600000000000001,0.37540983606557377,6,172,12,139,19,13,1,147,1,50,178,3.097,0.622,0.706,0.622,output/run1/HIS4_STRCO_1-200/compare/aux/HIS4_STRCO_1-200_1vzw_A_1.pdb,224,234,219,219
output/run1/HIS4_STRCO_1-200/fold/HIS4_STRCO_1-200_295_6_hMIN.pdb,93,44.20000000000001,14,6.8,0.418032786885246,6,172,12,139,11,53,1,147,3,45,183,3.2030000000000003,0.627,0.705,0.627,output/run1/HIS4_STRCO_1-200/compare/aux/HIS4_STRCO_1-200_1vzw_A_1.pdb,224,234,219,219
output/run1/HIS4_STRCO_1-200/fold/HIS4_STRCO_1-200_163_3_hMIN.pdb,93,37.800000000000004,17,2.4,0.3295081967213115,6,172,12,139,19,13,1,147,1,50,184,3.2960000000000003,0.627,0.7040000000000001,0.627,output/run1/HIS4_STRCO_1-200/compare/aux/HIS4_STRCO_1-200_1vzw_A_1.pdb,224,234,219,219
output/run1/HIS4_STRCO_1-200/fold/HIS4_STRCO_1-200_139_10_hMIN.pdb,93,24.6,22,8.6,0.2721311475409836,6,172,10,18,22,2,1,147,2,50,186,3.279,0.633,0.703,0.633,output/run1/HIS4_STRCO_1-200/compare/aux/HIS4_STRCO_1-200_1vzw_A_1.pdb,224,234,219,219
output/run1/HIS4_STRCO_1-200/fold/HIS4_STRCO_1-200_199_1_hMIN.pdb,93,39.800000000000004,16,8.4,0.3950819672131148,6,172,12,139,14,24,1,147,2,50,187,3.34,0.629,0.7,0.629,output/run1/HIS4_STRCO_1-200/compare/aux/HIS4_STRCO_1-200_1vzw_A_1.pdb,224,234,219,219
output/run1/HIS4_STRCO_1-200/fold/HIS4_STRCO_1-200_significant_ECs_0.99_3_hMIN.pdb,93,42.6,22,7.800000000000001,0.4131147540983607,6,172,12,139,11,53,0,17,3,45,181,3.154,0.627,0.6990000000000001,0.627,output/run1/HIS4_STRCO_1-200/compare/aux/HIS4_STRCO_1-200_1vzw_A_1.pdb,224,234,219,219
output/run1/HIS4_STRCO_1-200/fold/HIS4_STRCO_1-200_175_10_hMIN.pdb,93,30.0,22,8.0,0.3114754098360656,6,172,12,139,20,2,1,147,2,50,181,3.23,0.621,0.6970000000000001,0.621,output/run1/HIS4_STRCO_1-200/compare/aux/HIS4_STRCO_1-200_1vzw_A_1.pdb,224,234,219,219
output/run1/HIS4_STRCO_1-200/fold/HIS4_STRCO_1-200_199_6_hMIN.pdb,93,37.199999999999996,19,9.400000000000002,0.38196721311475407,6,172,12,139,14,24,1,147,3,45,180,3.234,0.618,0.696,0.618,output/run1/HIS4_STRCO_1-200/compare/aux/HIS4_STRCO_1-200_1vzw_A_1.pdb,224,234,219,219
output/run1/HIS4_STRCO_1-200/fold/HIS4_STRCO_1-200_163_4_hMIN.pdb,93,33.0,23,11.4,0.36393442622950817,6,172,11,3,13,3,1,147,0,17,170,3.0410000000000004,0.598,0.6940000000000001,0.598,output/run1/HIS4_STRCO_1-200/compare/aux/HIS4_STRCO_1-200_1vzw_A_1.pdb,224,234,219,219
output/run1/HIS4_STRCO_1-200/fold/HIS4_STRCO_1-200_151_1_hMIN.pdb,93,39.400000000000006,24,12.4,0.4245901639344263,6,172,12,139,12,8,1,147,2,50,177,3.2439999999999998,0.605,0.6940000000000001,0.605,output/run1/HIS4_STRCO_1-200/compare/aux/HIS4_STRCO_1-200_1vzw_A_1.pdb,224,234,219,219
output/run1/HIS4_STRCO_1-200/fold/HIS4_STRCO_1-200_151_6_hMIN.pdb,93,34.4,18,5.6,0.32786885245901637,6,172,10,18,18,7,1,147,2,50,174,3.1489999999999996,0.606,0.693,0.606,output/run1/HIS4_STRCO_1-200/compare/aux/HIS4_STRCO_1-200_1vzw_A_1.pdb,224,234,219,219
output/run1/HIS4_STRCO_1-200/fold/HIS4_STRCO_1-200_211_8_hMIN.pdb,93,36.2,22,9.600000000000001,0.3754098360655738,6,172,12,139,9,39,1,147,3,45,182,3.312,0.614,0.691,0.614,output/run1/HIS4_STRCO_1-200/compare/aux/HIS4_STRCO_1-200_1vzw_A_1.pdb,224,234,219,219
output/run1/HIS4_STRCO_1-200/fold/HIS4_STRCO_1-200_163_8_hMIN.pdb,93,26.2,22,9.0,0.28852459016393445,6,172,12,139,12,8,1,147,1,50,183,3.373,0.615,0.6890000000000001,0.615,output/run1/HIS4_STRCO_1-200/compare/aux/HIS4_STRCO_1-200_1vzw_A_1.pdb,224,234,219,219
output/run1/HIS4_STRCO_1-200/fold/HIS4_STRCO_1-200_151_3_hMIN.pdb,93,36.8,19,10.8,0.3901639344262295,6,172,10,18,18,7,1,147,4,18,181,3.2880000000000003,0.616,0.688,0.616,output/run1/HIS4_STRCO_1-200/compare/aux/HIS4_STRCO_1-200_1vzw_A_1.pdb,224,234,219,219
output/run1/HIS4_STRCO_1-200/fold/HIS4_STRCO_1-200_115_9_hMIN.pdb,93,35.8,17,5.0,0.33442622950819667,6,172,10,18,16,3,2,16,4,18,174,3.1489999999999996,0.606,0.688,0.606,output/run1/HIS4_STRCO_1-200/compare/aux/HIS4_STRCO_1-200_1vzw_A_1.pdb,224,234,219,219
output/run1/HIS4_STRCO_1-200/fold/HIS4_STRCO_1-200_151_4_hMIN.pdb,93,40.400000000000006,17,6.0,0.38032786885245906,6,172,12,139,12,8,1,147,0,17,174,3.167,0.601,0.6859999999999999,0.601,output/run1/HIS4_STRCO_1-200/compare/aux/HIS4_STRCO_1-200_1vzw_A_1.pdb,224,234,219,219
output/run1/HIS4_STRCO_1-200/fold/HIS4_STRCO_1-200_127_1_hMIN.pdb,93,29.200000000000003,18,7.4,0.3,6,172,8,7,8,3,0,17,0,17,165,2.943,0.588,0.684,0.588,output/run1/HIS4_STRCO_1-200/compare/aux/HIS4_STRCO_1-200_1vzw_A_1.pdb,224,234,219,219
output/run1/HIS4_STRCO_1-200/fold/HIS4_STRCO_1-200_247_8_hMIN.pdb,93,41.800000000000004,26,10.0,0.4245901639344263,6,172,12,139,14,24,1,147,3,45,182,3.373,0.61,0.6829999999999999,0.61,output/run1/HIS4_STRCO_1-200/compare/aux/HIS4_STRCO_1-200_1vzw_A_1.pdb,224,234,219,219
output/run1/HIS4_STRCO_1-200/fold/HIS4_STRCO_1-200_115_2_hMIN.pdb,93,42.6,14,6.6,0.4032786885245902,6,172,8,7,15,4,2,16,4,18,167,3.005,0.591,0.682,0.591,output/run1/HIS4_STRCO_1-200/compare/aux/HIS4_STRCO_1-200_1vzw_A_1.pdb,224,234,219,219
output/run1/HIS4_STRCO_1-200/fold/HIS4_STRCO_1-200_115_3_hMIN.pdb,93,31.200000000000003,16,9.200000000000001,0.3311475409836066,6,172,8,7,15,4,2,16,4,18,178,3.3169999999999997,0.602,0.6809999999999999,0.602,output/run1/HIS4_STRCO_1-200/compare/aux/HIS4_STRCO_1-200_1vzw_A_1.pdb,224,234,219,219
output/run1/HIS4_STRCO_1-200/fold/HIS4_STRCO_1-200_163_7_hMIN.pdb,93,31.6,26,14.200000000000001,0.3754098360655738,6,172,11,3,13,3,1,147,2,50,172,3.267,0.584,0.677,0.584,output/run1/HIS4_STRCO_1-200/compare/aux/HIS4_STRCO_1-200_1vzw_A_1.pdb,224,234,219,219
output/run1/HIS4_STRCO_1-200/fold/HIS4_STRCO_1-200_139_2_hMIN.pdb,93,30.400000000000006,19,9.6,0.3278688524590164,6,172,10,18,18,7,1,147,4,18,174,3.387,0.584,0.6729999999999999,0.584,output/run1/HIS4_STRCO_1-200/compare/aux/HIS4_STRCO_1-200_1vzw_A_1.pdb,224,234,219,219
output/run1/HIS4_STRCO_1-200/fold/HIS4_STRCO_1-200_115_10_hMIN.pdb,93,40.6,19,12.200000000000001,0.4327868852459017,6,172,8,7,15,4,2,16,4,18,169,3.207,0.584,0.6729999999999999,0.584,output/run1/HIS4_STRCO_1-200/compare/aux/HIS4_STRCO_1-200_1vzw_A_1.pdb,224,234,219,219
output/run1/HIS4_STRCO_1-200/fold/HIS4_STRCO_1-200_151_7_hMIN.pdb,93,24.200000000000003,18,6.6,0.25245901639344265,6,172,12,139,12,8,1,147,2,50,172,3.29,0.583,0.6709999999999999,0.583,output/run1/HIS4_STRCO_1-200/compare/aux/HIS4_STRCO_1-200_1vzw_A_1.pdb,224,234,219,219
output/run1/HIS4_STRCO_1-200/fold/HIS4_STRCO_1-200_139_7_hMIN.pdb,93,27.199999999999996,17,6.6000000000000005,0.27704918032786885,6,172,8,7,8,3,2,16,4,18,168,3.275,0.5720000000000001,0.669,0.5720000000000001,output/run1/HIS4_STRCO_1-200/compare/aux/HIS4_STRCO_1-200_1vzw_A_1.pdb,224,234,219,219
output/run1/HIS4_STRCO_1-200/fold/HIS4_STRCO_1-200_151_5_hMIN.pdb,93,33.2,16,5.8,0.319672131147541,6,172,10,18,18,7,0,17,2,50,164,3.207,0.565,0.6679999999999999,0.565,output/run1/HIS4_STRCO_1-200/compare/aux/HIS4_STRCO_1-200_1vzw_A_1.pdb,224,234,219,219
output/run1/HIS4_STRCO_1-200/fold/HIS4_STRCO_1-200_115_1_hMIN.pdb,93,34.0,17,6.0,0.32786885245901637,6,172,13,2,21,2,0,17,0,17,174,3.2910000000000004,0.594,0.667,0.594,output/run1/HIS4_STRCO_1-200/compare/aux/HIS4_STRCO_1-200_1vzw_A_1.pdb,224,234,219,219
output/run1/HIS4_STRCO_1-200/fold/HIS4_STRCO_1-200_139_9_hMIN.pdb,93,37.0,19,8.8,0.37540983606557377,6,172,11,3,13,3,0,17,0,17,164,3.239,0.565,0.667,0.565,output/run1/HIS4_STRCO_1-200/compare/aux/HIS4_STRCO_1-200_1vzw_A_1.pdb,224,234,219,219
output/run1/HIS4_STRCO_1-200/fold/HIS4_STRCO_1-200_139_6_hMIN.pdb,93,37.00000000000001,18,5.6000000000000005,0.3491803278688525,6,172,10,18,18,7,0,17,0,17,165,3.286,0.561,0.665,0.561,output/run1/HIS4_STRCO_1-200/compare/aux/HIS4_STRCO_1-200_1vzw_A_1.pdb,224,234,219,219
output/run1/HIS4_STRCO_1-200/fold/HIS4_STRCO_1-200_127_4_hMIN.pdb,93,35.4,15,6.6,0.3442622950819672,6,172,10,18,17,4,2,16,4,18,167,3.218,0.575,0.6629999999999999,0.575,output/run1/HIS4_STRCO_1-200/compare/aux/HIS4_STRCO_1-200_1vzw_A_1.pdb,224,234,219,219
output/run1/HIS4_STRCO_1-200/fold/HIS4_STRCO_1-200_151_9_hMIN.pdb,93,30.599999999999998,17,4.4,0.28688524590163933,6,172,10,18,18,7,1,147,0,17,166,3.285,0.5660000000000001,0.6629999999999999,0.5660000000000001,output/run1/HIS4_STRCO_1-200/compare/aux/HIS4_STRCO_1-200_1vzw_A_1.pdb,224,234,219,219
output/run1/HIS4_STRCO_1-200/fold/HIS4_STRCO_1-200_127_6_hMIN.pdb,93,30.800000000000004,15,7.0,0.3098360655737705,6,172,10,18,16,3,2,16,4,18,167,3.252,0.568,0.6629999999999999,0.568,output/run1/HIS4_STRCO_1-200/compare/aux/HIS4_STRCO_1-200_1vzw_A_1.pdb,224,234,219,219
output/run1/HIS4_STRCO_1-200/fold/HIS4_STRCO_1-200_115_8_hMIN.pdb,93,31.0,18,10.200000000000001,0.3377049180327869,6,172,10,18,16,3,2,16,4,18,167,3.267,0.57,0.6629999999999999,0.57,output/run1/HIS4_STRCO_1-200/compare/aux/HIS4_STRCO_1-200_1vzw_A_1.pdb,224,234,219,219
output/run1/HIS4_STRCO_1-200/fold/HIS4_STRCO_1-200_139_3_hMIN.pdb,93,38.2,15,9.0,0.38688524590163936,6,172,10,18,22,2,2,16,4,18,168,3.42,0.5589999999999999,0.657,0.5589999999999999,output/run1/HIS4_STRCO_1-200/compare/aux/HIS4_STRCO_1-200_1vzw_A_1.pdb,224,234,219,219
output/run1/HIS4_STRCO_1-200/fold/HIS4_STRCO_1-200_115_7_hMIN.pdb,93,29.8,22,7.4,0.3049180327868853,6,172,13,2,21,2,2,16,4,18,168,3.233,0.573,0.6559999999999999,0.573,output/run1/HIS4_STRCO_1-200/compare/aux/HIS4_STRCO_1-200_1vzw_A_1.pdb,224,234,219,219
output/run1/HIS4_STRCO_1-200/fold/HIS4_STRCO_1-200_127_7_hMIN.pdb,93,27.200000000000006,20,10.2,0.3065573770491804,6,172,8,7,8,3,0,17,0,17,169,3.375,0.565,0.654,0.565,output/run1/HIS4_STRCO_1-200/compare/aux/HIS4_STRCO_1-200_1vzw_A_1.pdb,224,234,219,219
output/run1/HIS4_STRCO_1-200/fold/HIS4_STRCO_1-200_115_6_hMIN.pdb,93,33.800000000000004,20,9.4,0.35409836065573774,6,172,8,7,15,4,2,16,4,18,162,3.295,0.5489999999999999,0.6509999999999999,0.5489999999999999,output/run1/HIS4_STRCO_1-200/compare/aux/HIS4_STRCO_1-200_1vzw_A_1.pdb,224,234,219,219
output/run1/HIS4_STRCO_1-200/fold/HIS4_STRCO_1-200_115_5_hMIN.pdb,93,30.200000000000003,21,10.0,0.3295081967213115,6,172,7,1,5,1,2,16,4,18,167,3.3280000000000003,0.5670000000000001,0.6509999999999999,0.5670000000000001,output/run1/HIS4_STRCO_1-200/compare/aux/HIS4_STRCO_1-200_1vzw_A_1.pdb,224,234,219,219
output/run1/HIS4_STRCO_1-200/fold/HIS4_STRCO_1-200_127_2_hMIN.pdb,93,33.4,18,12.399999999999999,0.37540983606557377,6,172,4,1,4,1,2,16,4,18,161,3.214,0.5539999999999999,0.649,0.5539999999999999,output/run1/HIS4_STRCO_1-200/compare/aux/HIS4_STRCO_1-200_1vzw_A_1.pdb,224,234,219,219
output/run1/HIS4_STRCO_1-200/fold/HIS4_STRCO_1-200_151_10_hMIN.pdb,93,33.2,20,7.8,0.3360655737704918,6,172,3,1,3,1,0,17,0,17,167,3.4560000000000004,0.5529999999999999,0.644,0.5529999999999999,output/run1/HIS4_STRCO_1-200/compare/aux/HIS4_STRCO_1-200_1vzw_A_1.pdb,224,234,219,219
output/run1/HIS4_STRCO_1-200/fold/HIS4_STRCO_1-200_139_8_hMIN.pdb,93,21.2,16,9.000000000000002,0.2475409836065574,6,172,10,18,17,4,2,16,4,18,149,3.17,0.516,0.635,0.516,output/run1/HIS4_STRCO_1-200/compare/aux/HIS4_STRCO_1-200_1vzw_A_1.pdb,224,234,219,219
output/run1/HIS4_STRCO_1-200/fold/HIS4_STRCO_1-200_127_5_hMIN.pdb,93,31.0,15,5.8,0.30163934426229505,6,172,10,18,17,4,2,16,4,18,153,3.339,0.517,0.632,0.517,output/run1/HIS4_STRCO_1-200/compare/aux/HIS4_STRCO_1-200_1vzw_A_1.pdb,224,234,219,219
output/run1/HIS4_STRCO_1-200/fold/HIS4_STRCO_1-200_127_9_hMIN.pdb,93,28.200000000000003,17,11.0,0.32131147540983607,6,172,10,18,17,4,2,16,4,18,158,3.437,0.523,0.626,0.523,output/run1/HIS4_STRCO_1-200/compare/aux/HIS4_STRCO_1-200_1vzw_A_1.pdb,224,234,219,219
output/run1/HIS4_STRCO_1-200/fold/HIS4_STRCO_1-200_247_9_hMIN.pdb,93,11.599999999999998,23,1.2000000000000002,0.10491803278688522,7,2,14,2,23,2,0,17,0,17,52,3.5660000000000003,0.16899999999999998,0.29,0.16899999999999998,output/run1/HIS4_STRCO_1-200/compare/aux/HIS4_STRCO_1-200_1vzw_A_1.pdb,224,234,219,219
output/run1/HIS4_STRCO_1-200/fold/HIS4_STRCO_1-200_295_8_hMIN.pdb,93,5.2,19,0.6000000000000001,0.04754098360655738,7,2,14,2,23,2,0,17,0,17,52,3.734,0.16399999999999998,0.28800000000000003,0.16399999999999998,output/run1/HIS4_STRCO_1-200/compare/aux/HIS4_STRCO_1-200_1vzw_A_1.pdb,224,234,219,219
output/run1/HIS4_STRCO_1-200/fold/HIS4_STRCO_1-200_115_4_hMIN.pdb,93,19.199999999999996,15,1.4,0.1688524590163934,5,2,9,2,10,2,0,17,0,17,55,3.7560000000000002,0.175,0.28600000000000003,0.175,output/run1/HIS4_STRCO_1-200/compare/aux/HIS4_STRCO_1-200_1vzw_A_1.pdb,224,234,219,219
output/run1/HIS4_STRCO_1-200/fold/HIS4_STRCO_1-200_151_8_hMIN.pdb,93,22.8,15,7.4,0.2475409836065574,3,1,6,1,6,1,0,17,0,17,47,3.605,0.152,0.28300000000000003,0.152,output/run1/HIS4_STRCO_1-200/compare/aux/HIS4_STRCO_1-200_1vzw_A_1.pdb,224,234,219,219
output/run1/HIS4_STRCO_1-200/fold/HIS4_STRCO_1-200_127_8_hMIN.pdb,93,27.800000000000004,20,5.2,0.2704918032786886,4,1,5,1,7,1,0,17,0,17,47,3.6319999999999997,0.151,0.27399999999999997,0.151,output/run1/HIS4_STRCO_1-200/compare/aux/HIS4_STRCO_1-200_1vzw_A_1.pdb,224,234,219,219
output/run1/HIS4_STRCO_1-200/fold/HIS4_STRCO_1-200_139_5_hMIN.pdb,93,22.6,16,1.2,0.19508196721311477,2,1,2,1,2,1,0,17,0,17,47,3.423,0.158,0.264,0.158,output/run1/HIS4_STRCO_1-200/compare/aux/HIS4_STRCO_1-200_1vzw_A_1.pdb,224,234,219,219
output/run1/HIS4_STRCO_1-200/fold/HIS4_STRCO_1-200_127_3_hMIN.pdb,93,16.999999999999996,16,1.8,0.15409836065573768,5,2,9,2,10,2,0,17,0,17,46,3.678,0.147,0.254,0.147,output/run1/HIS4_STRCO_1-200/compare/aux/HIS4_STRCO_1-200_1vzw_A_1.pdb,224,234,219,219
output/run1/HIS4_STRCO_1-200/fold/HIS4_STRCO_1-200_127_10_hMIN.pdb,93,32.199999999999996,17,3.0,0.2885245901639344,1,1,1,1,1,1,0,17,0,17,41,3.464,0.136,0.252,0.136,output/run1/HIS4_STRCO_1-200/compare/aux/HIS4_STRCO_1-200_1vzw_A_1.pdb,224,234,219,219
