Application: Tecan i-control				Tecan i-control , 1.8.50.0																						
Device: infinite M1000				Serial number: 902005916																						
Firmware: V_1.35_08/2010_S3F (Aug 11 2010/09.36.01)				MAI, V_1.35_08/2010_S3F (Aug 11 2010/09.36.01)																						
																										
Date:	11/5/2017																									
Time:	04:50:25 p.m.																									
																										
																										
System				BA-06679A1CA79C																						
User				BA-06679A1CA79C\Infinite Reader																						
Plate				Nunclon 96 Flat Bottom Black Polystyrol LumiNunc FluoroNunc [NUN96fb_LumiNunc FluoroNunc.pdfx]																						
Plate-ID (Stacker)																										
																										
List of actions in this measurement script:																										
Kinetic																										
Fluorescence																										
Fluorescence																										
																										
2 Labels																										
Kinetic Measurement																										
Kinetic duration				0:50:00																						
Interval Time				Minimal																						
Mode				Fluorescence Top Reading																						
Excitation Wavelength				255	nm																					
Emission Wavelength				334	nm																					
Excitation Bandwidth				5	nm																					
Emission Bandwidth				5	nm																					
Gain				174	Optimal (100%)																					
Number of Flashes				5																						
Integration Time				20	µs																					
Lag Time				0	µs																					
Settle Time				0	ms																					
Z-Position (Manual)				20000	µm																					
Mode				Fluorescence Top Reading																						
Excitation Wavelength				286	nm																					
Emission Wavelength				386	nm																					
Excitation Bandwidth				5	nm																					
Emission Bandwidth				5	nm																					
Gain				183	Optimal (100%)																					
Number of Flashes				50																						
Integration Time				20	µs																					
Lag Time				0	µs																					
Settle Time				0	ms																					
Z-Position (Manual)				20000	µm																					
Part of Plate				A10-H12																						
Start Time:	11/05/2017 04:50:25 p.m.																									
																										
																										
Label1																										
Cycle Nr.	Time [s]	Temp. [°C]	A10	A11	A12	B10	B11	B12	C10	C11	C12	D10	D11	D12	E10	E11	E12	F10	F11	F12	G10	G11	G12	H10	H11	H12
1	0	25.1	806	773	797	2080	3166	1046	4124	8064	2559	12022	14991	5220	25880	26258	8879	41374	43561	16344	44290	42512	25102	42483	45033	44748
2	25.9	25.2	922	645	742	1873	3070	1039	4797	8363	2491	11406	15841	6498	24735	28220	9964	44280	44029	16232	45642	42759	25981	46026	47256	46909
3	51.8	25.1	696	975	730	1818	3608	927	4215	7615	2625	11692	16014	6389	24127	27703	10019	44324	44435	16366	45039	41794	27612	47147	47111	46963
4	77.6	25.2	850	760	655	1912	4150	918	4275	7893	2683	11163	16016	5634	25169	27225	9885	45763	44686	16583	47540	43186	27108	45981	48202	42158
5	103.5	25.1	975	910	828	2036	3452	1030	4986	8149	2872	12678	16782	6094	27763	26689	9190	45865	43447	15703	50311	42885	26982	47442	46653	42992
6	129.4	25.1	1025	753	644	2076	3667	979	4369	7354	2704	12524	15514	5993	26400	26819	9393	46836	43909	16090	48043	43421	28137	46709	48798	44032
7	155.3	25.1	1141	769	839	2444	3541	987	4389	7930	2881	11716	16549	13911	27908	28065	10506	46672	43466	15918	49692	44424	29012	48757	46276	47785
8	181.2	25.3	1416	981	730	2586	4074	1159	5279	8220	2925	12887	16471	6601	27357	27258	9350	46925	43322	15875	48858	44661	28610	48187	49207	49144
9	207.1	25.2	1415	842	964	3300	3947	1000	4560	7866	3079	14282	16489	6449	26800	28288	10310	47461	44358	16367	46424	42958	28279	47599	48517	46638
10	232.9	25.2	1315	903	773	2593	3897	1207	4505	7735	2964	12282	16332	6422	26040	29153	9633	46413	44684	16819	50144	42619	28082	47909	46821	47611
11	258.8	25.3	1215	1300	1201	2863	3476	1245	4638	7707	3579	13347	16263	7113	26472	28892	10035	46228	44543	16681	49965	42672	29652	48026	48332	47720
12	284.7	25.3	1078	1140	1178	2586	3840	1312	4695	7445	3225	12699	16594	6047	25748	29424	10807	46188	44495	16465	50368	44036	28660	49159	49390	49188
13	310.6	25.3	1623	1505	1026	2826	3673	1278	4547	7866	2696	12897	16565	5706	26561	28361	9734	46531	43734	16364	52319	43959	29471	49355	48470	50345
14	336.5	25.3	1190	1356	1106	2939	4502	1214	4836	8066	2762	12619	16546	5866	26288	27418	10029	45149	43834	17090	52546	42576	28861	47435	49791	51750
15	362.3	25.2	1291	1540	1316	3446	4343	1348	4863	7500	2802	12635	17249	6487	27861	29677	9984	47034	44173	17902	53237	44259	30295	48726	50653	50647
16	388.2	25.3	1313	1234	1244	3215	4475	1492	4425	8048	3031	12377	16875	6209	26712	27865	9861	45974	42723	17033	50558	44463	28801	51232	51423	51608
17	414.1	25.4	1659	1208	1022	3182	4645	1152	4641	7972	3028	12946	17205	6509	27192	28376	9805	45889	45474	17872	53722	44670	31544	49838	51794	49106
18	440	25.6	1561	1512	992	3705	4644	1452	4291	7690	2901	12520	15823	7053	27735	29641	10941	45165	44263	18240	54361	46546	31075	50449	53439	46125
19	465.8	25.6	1294	1450	1113	3447	4068	1285	4586	8005	2866	13079	17116	6527	25714	29111	10624	45048	44843	18280	52508	45237	29326	48233	51033	50191
20	491.7	25.4	1372	1363	1265	3494	4995	1482	4730	7852	3348	12966	17627	6995	26257	28828	11283	45867	42932	19243	51268	45655	31055	50240	51604	51005
21	517.6	25.4	1411	1747	1259	3685	4464	1528	4377	7974	3205	13768	17447	6732	26926	28950	10911	45811	44208	18534	52670	45088	31579	51645	52471	50032
22	543.5	25.6	1697	1629	1236	3682	4446	1700	4801	7411	2906	13159	17060	6837	25878	29940	11378	45080	44451	18980	53766	44795	31176	49305	51610	45347
23	569.4	25.4	1411	1639	1648	3888	4290	1663	4557	7445	2461	13979	16752	7481	28270	29608	11060	46402	45805	18189	51868	47788	31569	50855	53048	49709
24	595.2	25.4	1692	1432	1427	3699	4558	1548	5210	7853	3087	13133	17351	6505	26627	29421	11647	46709	46158	19721	54137	46356	32555	51920	51081	50150
25	621.1	25.6	1566	1370	1505	3649	4404	1723	4787	7504	3471	13533	15902	7116	25498	29794	11378	47124	45365	17727	48755	45978	30636	51677	51033	46988
26	647	25.6	1562	1668	1298	3153	4812	1455	4980	7854	2827	13547	16067	6548	25879	30312	10854	45269	45266	18437	50924	46270	31001	50616	51966	48148
27	672.9	25.6	1755	1615	1721	4019	5119	2064	4507	7346	2871	13297	16855	8058	27100	30332	11238	47651	45875	18134	48919	46315	32235	50358	51580	46753
28	698.8	25.7	2012	1766	1494	3811	4987	1458	4547	8166	2769	13524	17128	7177	27223	28865	11654	47990	46428	18832	53403	44872	32334	50503	52751	43652
29	724.6	25.7	1823	1807	1578	4195	4706	1718	4231	8080	2930	13592	17470	7201	26805	30072	11878	48322	46941	19096	51160	46277	31719	50826	51746	47168
30	750.5	25.7	2065	2029	1682	4303	4584	2146	4558	7528	2638	13593	17329	7607	26744	29618	12176	47636	44905	19565	53353	47229	32198	49796	53911	44003
31	776.4	25.8	2257	2472	1823	3965	5417	2048	4517	7355	3163	14887	17355	7603	27631	30457	11814	47542	47440	18456	50144	47147	31528	52467	52969	43879
32	802.3	25.8	2391	2091	1874	4233	5280	2115	4465	7374	3112	14658	17123	8230	27678	30235	12954	46330	47317	19061	49975	46831	31252	51040	52350	47646
33	828.2	25.8	2058	2198	1960	4181	5770	2098	4694	8067	2891	14503	18226	7763	27542	30267	11834	48180	47863	20115	50165	47937	32389	51645	52836	46123
34	854	25.8	2587	2463	2362	4334	5323	2468	4414	7881	3099	14199	16621	8185	28639	30143	12208	48541	47122	20594	49460	49477	30098	50461	51635	46227
35	879.9	25.8	2297	2496	2183	4748	5781	2651	4115	7412	3074	14762	17640	7692	27573	31098	11944	46340	47974	19264	48875	46798	31637	52976	50537	46507
36	905.8	25.8	2054	2764	1927	4455	6448	2565	4270	8059	2987	14477	17855	8108	27875	30876	12854	47545	47805	20661	51923	47953	30530	52482	50461	42644
37	931.7	25.8	2426	2903	2396	4489	6300	2219	4355	7633	2954	14311	17264	8863	28491	30297	13279	47153	46877	20229	51502	48135	30302	52464	50753	43427
38	957.5	26.1	2227	3169	2303	4690	6357	3081	4676	7431	2734	15597	18576	8560	29370	30892	13266	46174	46517	20422	53021	48090	29096	52629	50755	45986
39	983.4	26	2613	2987	2439	5089	6325	3082	5061	7675	3093	14797	17865	8638	28786	30730	12967	48248	47321	21432	51819	45782	29644	51722	51378	48478
40	1009.3	26.1	2538	3034	2786	5412	6573	2924	4670	7826	2838	15782	18576	8685	30506	30940	12528	47808	45759	21521	50372	45237	28835	52147	49616	46776
41	1035.2	26.1	2267	2836	2508	5279	6311	2947	4586	7651	3068	16252	17703	9241	28738	31441	13122	46542	46668	20842	48619	46572	28319	52000	49177	42350
42	1061.1	26.1	2350	3273	2898	5129	7180	2842	4775	8037	3135	16182	17524	8751	29254	33211	14013	47447	47941	20658	50507	44822	29620	49934	48577	48312
43	1086.9	26.1	2486	3274	2851	5712	6591	3180	4611	7652	2993	16625	18379	9426	29569	30271	14033	49746	47944	20377	50262	44107	30627	50921	49694	46453
44	1112.8	26.1	2672	3142	2657	5004	6431	3234	4440	7800	3560	17097	18445	9634	29008	31261	13587	48803	46958	20736	52601	46469	30571	52274	47932	47918
45	1138.7	26.2	2817	2888	2571	5628	6887	3611	4543	7441	3074	16252	18528	10051	29473	31830	12917	49989	48863	21555	50348	44897	29337	49643	49963	42375
46	1164.6	26.1	2657	2850	2862	5791	7290	3331	4197	8044	2691	16129	17347	9301	29338	30273	13016	46719	47808	20709	46999	44291	28602	49760	49080	44678
47	1190.5	26.2	2799	2836	2724	5613	6587	3105	4733	7958	3396	16178	18599	9255	28613	32774	13019	50603	51181	19823	49908	45822	29019	50775	50754	41459
48	1216.4	26.2	2459	3168	2976	5721	6985	3169	4939	7774	3296	16513	19194	9755	29545	31158	12930	49111	46100	20151	49735	43878	30000	47851	48455	45014
49	1242.2	26.1	2195	3029	2783	5901	6565	2889	4935	7858	2670	16620	18885	9082	28189	31856	13795	50490	48217	20276	48678	44482	29415	49203	50172	42882
50	1268.1	26.2	2491	3020	3044	5694	7166	3592	4552	7610	3193	15629	19689	9398	29635	32797	12937	50396	46757	20184	50330	43935	29655	49906	50280	44727
51	1294	26.2	3025	2715	2893	5752	6809	3567	4611	7161	2545	16038	19683	10246	27756	30753	12808	49778	47561	20773	49411	44346	28426	49429	49152	47234
52	1319.9	26.2	2367	3074	2522	5488	6197	3416	4316	6881	3296	15946	19066	9513	29104	32809	13048	50689	45668	20950	48536	44165	28918	47655	50344	44979
53	1345.7	26.2	2752	3067	2846	5389	6227	3341	4222	7777	2777	15718	19968	9440	28314	31768	12018	50076	46926	19408	47463	44800	29352	49349	48863	46603
54	1371.6	26.4	2499	3209	3080	5740	6479	3268	4886	7731	2963	15778	19799	9538	27752	30502	12779	49475	45989	21078	49957	46159	29268	50051	47384	46372
55	1397.5	26.4	2693	3155	2846	5411	6729	3524	4622	7789	3200	16484	20432	9642	28737	31180	12916	50295	47753	21067	46808	44571	29902	48898	49254	48307
56	1423.4	26.4	2540	3445	2485	5619	6438	3201	4829	7879	3426	16045	18817	9883	28673	31223	13061	49473	46971	19936	48017	44999	30746	47673	49738	49239
57	1449.3	26.4	2571	3063	2766	5543	6566	3276	4736	7791	3321	15253	19617	10339	27901	29995	13290	49211	45708	20775	48495	45366	29173	48645	50092	42554
58	1475.2	26.4	2609	2977	2830	5431	6545	3391	5139	7779	2796	14916	19207	9469	27605	30710	12433	47397	45600	20484	50263	44302	29385	49015	48508	42352
59	1501.1	26.4	2758	2808	2973	5650	6398	3081	4750	7156	3069	14733	20397	9546	28047	30732	12598	48278	43740	20781	50072	45068	28590	49094	51303	44125
60	1527	26.4	2578	3024	2399	5335	5811	3320	4582	6950	2687	15301	19867	10015	28806	30096	12929	48379	44564	19481	49185	43471	30122	48895	48602	41703
61	1552.8	26.4	2553	3206	2405	6220	6370	3489	4634	7371	2928	15467	20376	10043	29233	30467	12387	46229	45476	21411	49220	44148	29603	48780	48767	44946
62	1578.7	26.4	2795	3027	2885	5966	6561	3081	4369	7865	2892	14911	20178	9866	28316	31164	12876	46496	44289	20498	50026	44532	29564	49468	47765	46364
63	1604.6	26.5	2668	3352	2716	4826	6298	3156	5189	7740	3151	14537	19854	8980	28900	31204	13219	47310	46155	20144	47010	44034	29016	49804	48101	45274
64	1630.5	26.4	2810	2820	2831	5476	5994	3146	4867	8111	2968	15380	19859	9769	28101	31431	12263	46720	45592	19322	48964	44978	28984	49247	48365	45129
65	1656.4	26.5	2274	2810	2617	5708	6608	3233	4705	7488	2956	15363	19268	8992	27367	30452	12936	46852	45899	20593	50615	45906	28291	49805	48168	47075
66	1682.2	26.4	2744	3010	2444	5226	6549	3398	4508	7767	2658	15228	20402	9413	28349	30879	12951	46543	44069	19936	46883	43552	28996	49708	50047	46121
67	1708.1	26.2	2667	2842	2673	5013	6559	3112	4753	7937	3208	15574	20632	9324	26250	29658	12540	46829	45847	20975	48118	46047	28550	49390	48085	44636
68	1734	26.2	2388	2999	2755	5179	6417	3171	4767	7643	3165	15546	20127	9636	26780	30139	11858	45501	45493	20027	47533	44341	28444	50726	49136	45381
69	1759.9	26.2	2320	2539	2424	5090	6304	3340	4897	7318	3052	14593	19641	9833	29167	30632	12782	46581	46101	19778	48033	45140	29205	49737	48079	46790
70	1785.8	26.5	2788	2913	2626	5579	5583	2958	4238	7754	2891	14946	19930	9845	27452	30744	13131	45229	45027	20634	49616	44287	29094	50045	48879	46736
71	1811.7	26.3	2463	2804	3225	5117	6453	3136	4393	7912	3170	15224	19266	9539	28466	29051	12847	46074	45379	21144	48995	45145	29651	48544	48960	44221
72	1837.5	26.4	2255	2841	2860	5001	6655	3072	4880	7748	2851	14003	18639	9610	27693	29751	12879	47185	44425	20393	49270	44558	29788	47918	48803	46516
73	1863.5	26.5	2617	2748	2838	5161	6215	3132	4756	7946	2876	14426	19760	9552	27168	30759	13024	46384	46504	20116	46886	46863	27498	48110	48496	45196
74	1889.3	26.3	2921	2937	2555	5180	6423	3071	5022	7622	2890	14712	18853	9383	28170	31449	12692	46388	46336	19966	48052	45527	29357	49493	49058	46970
75	1915.2	26.3	2661	2816	2685	5311	6940	2975	5237	7614	2844	15112	19401	9436	27950	31959	12912	46528	44071	20675	48974	44949	28639	50656	47144	45642
76	1941.1	26.4	2260	2934	2140	5330	6332	3541	4581	7477	3046	15358	19001	9677	27972	30749	12901	46737	45216	19759	49825	44805	28305	48492	47119	47494
77	1967	26.5	2483	2735	2601	5481	6475	3026	4823	7812	3211	15361	19767	9536	29070	29739	12468	46051	44772	19479	50075	43968	28327	50490	49498	47636
78	1992.9	26.4	2739	2726	3053	5106	6075	3359	4741	7952	3195	15289	20444	10035	27628	30721	13448	46112	44895	20955	47570	46047	28385	49608	49427	44502
79	2018.8	26.5	2318	3011	2866	5024	6020	3175	4279	7439	3101	15120	19654	9823	27816	30078	12113	46039	44044	19129	46692	45975	28281	49549	47965	46294
80	2044.6	26.4	2237	3043	2382	5455	6171	3289	4672	7616	2817	15094	20168	9179	27521	31078	12590	45611	43970	20601	48251	44409	28389	48688	47330	48628
81	2070.5	26.4	2789	2930	2916	5587	6069	3176	3880	7920	2805	15570	19494	9453	28085	31283	11627	44349	44486	20363	48138	45691	28140	50242	48995	47183
82	2096.4	26.5	2706	2748	2742	4984	6926	3082	4519	7963	2893	15383	19673	8951	27814	29311	12069	45937	45956	21596	48074	44057	27852	49463	49972	49263
83	2122.3	26.6	2527	2755	2586	5176	6752	3031	4650	7853	3196	15027	19675	9460	28410	30447	12857	45244	45054	19963	48495	44921	29342	48421	49455	50918
84	2148.2	26.4	2345	3066	2742	5566	6710	2774	4517	7706	3030	14613	20310	9943	28239	29375	12409	45255	45311	19963	48447	45250	29249	49204	49843	47312
85	2174	26.5	2222	2919	2483	5620	6587	3312	4816	7904	2851	14811	19496	9457	27376	30455	12659	44834	44133	21313	49575	44197	29388	47677	49252	45771
86	2199.9	26.5	2495	3192	2231	4966	6105	3371	4833	7998	3029	14531	18901	9092	28805	30353	12247	46278	46063	20978	50731	43729	28896	47597	49103	48750
87	2225.9	26.6	2518	2878	2952	4839	6543	3076	4422	7546	2755	15314	18371	9164	27582	29124	11898	44835	45643	19879	48184	45846	28612	48444	46939	47648
88	2251.7	26.6	2610	2647	3044	4704	6025	2907	4855	7268	3291	14979	18889	8666	27631	31030	12240	45178	45452	19476	48379	45067	28672	47858	48355	46519
89	2277.6	26.6	2650	2506	2336	5540	6665	3061	4826	7433	3131	15723	19259	9326	27090	29609	12183	44518	43301	19064	47740	44337	28611	48745	47219	45302
90	2303.5	26.5	2312	2620	2665	5464	6254	2987	4752	7325	2957	14866	19491	8826	27032	30754	12975	44059	43803	20209	48901	43863	29238	46490	48139	45994
91	2329.4	26.7	2545	2758	2583	5216	6198	3272	4694	7416	2975	14395	18010	8871	28201	30555	11984	45122	44415	21121	49040	44550	28034	48560	48985	43994
92	2355.3	26.7	2422	3135	2495	4869	5950	3413	4670	7744	2909	14633	19596	9334	27199	30318	12448	46530	44589	19834	47653	45353	27687	49126	48248	45500
93	2381.1	26.6	2598	3104	2697	5101	6141	3248	4356	7856	3132	15356	19024	9410	27089	29321	12232	46216	44148	19471	49283	43323	29559	47827	47477	43396
94	2407	26.7	2591	2758	2859	5483	6395	3059	5024	7422	2995	14685	19358	9178	26815	29039	12595	44863	45243	19909	49378	42428	28770	46780	47219	47106
95	2432.9	26.7	2419	3120	2499	5838	6251	3013	4810	7814	3162	15233	19056	9660	27729	29334	13501	45364	43341	20047	48930	44592	29550	47018	48160	46031
96	2458.8	26.7	2680	2764	2338	4879	5752	2957	4743	7497	3264	14230	18931	9335	27163	29883	13135	44718	43954	20122	47641	42669	28609	46627	46117	44168
97	2484.7	26.6	2613	2717	2531	5085	5973	2719	4660	8051	2949	14717	19338	8998	27182	31059	12755	44374	43873	19754	47261	43426	28675	48838	49735	46028
98	2510.5	26.7	2485	2871	2230	4789	5966	3241	4821	7620	3619	14633	19489	10029	27128	31586	12469	45018	43574	19975	47035	43867	28180	49330	48681	44924
99	2536.4	26.7	2073	2720	2646	5010	6653	3204	4357	7762	2703	15424	19064	9315	28407	29682	11745	45058	44397	20201	47695	43951	29000	48643	48451	46920
100	2562.3	26.7	2540	2716	2655	5025	6272	2962	4849	7338	2971	14602	18632	9480	27280	29484	13063	45113	44184	20379	49246	44219	29601	48102	47834	44761
101	2588.2	26.7	2483	2629	2643	5449	6015	3571	4716	7997	3060	14900	18663	9786	27207	30330	12673	44618	43454	18995	48907	43547	28902	49973	48960	46676
102	2614.1	26.7	2551	2655	2644	4866	6579	3207	4805	6992	2546	14279	19540	9107	27809	29568	12482	45522	44479	19718	45490	43164	29414	48532	47795	42749
103	2639.9	26.9	2269	2797	2659	5214	5975	3192	4636	6954	2580	15153	19271	9971	28820	29618	12365	46721	44427	19945	47903	44868	30194	48516	49435	45759
104	2665.9	26.7	2363	3018	2789	5616	6147	3315	4563	7650	3433	15239	18937	8941	27840	31397	12296	44018	43629	20285	47949	46262	28856	49414	48094	49166
105	2691.7	26.7	2198	2872	2659	5118	6761	3028	4228	7886	2956	14369	19123	8746	26550	29878	12368	44284	42242	20558	46643	43114	27513	47803	48487	49523
106	2717.6	26.9	2698	2623	2668	5260	6039	3229	4908	7475	3533	14715	18706	9827	26919	29952	12206	44834	44372	19800	47670	42686	27885	48884	48197	46967
107	2743.5	26.7	2437	2960	2816	5597	6227	3455	4568	7603	3009	13641	19138	9751	26983	30528	12087	46661	42219	20992	46989	46639	29455	48595	47999	50023
108	2769.4	27	2284	2770	2931	4634	6281	3186	4652	7214	3029	14834	19027	8937	26688	29409	12240	44268	44486	19708	49408	44125	28735	49189	47627	49331
109	2795.3	26.9	2275	2661	2669	5115	5636	2943	4667	7283	3086	15027	18768	8581	28590	32178	12430	44652	42523	19630	50203	46409	29676	48597	47472	43265
110	2821.2	26.9	2359	2742	2934	5249	6810	3023	4545	7482	2659	15277	18312	9489	26881	30942	12100	44596	44466	19718	48825	44778	27742	49718	49139	46888
111	2847.1	26.7	2567	2780	2440	5243	6225	3299	4450	7339	2738	14239	20461	9318	26716	29927	12373	45971	44558	19128	50624	43172	28625	48650	46435	48472
112	2872.9	26.9	2469	2794	2612	4577	5595	2839	4491	6757	2570	14375	18510	8790	26957	30327	11585	45345	43724	19605	50378	44793	28042	46628	46487	43857
113	2898.8	26.9	2540	2644	2458	4742	6164	3305	5018	7116	3076	14364	18578	9245	26930	30162	11526	46563	46178	19966	48139	43847	28649	49029	47108	48361
114	2924.7	26.9	2352	2530	2715	5118	6675	2743	5069	7378	2711	14643	19546	9524	26000	30742	13297	46033	44954	21115	48515	42519	30423	49569	48676	47347
115	2950.6	26.9	2512	2859	2483	5179	5696	3104	4737	7705	2883	14156	17963	8908	28222	31195	12711	44995	43375	18603	48655	43494	28054	48977	47674	44885
			49.1766666667																							
Cycle Nr.	Time [s]	Temp. [°C]	A10	A11	A12	B10	B11	B12	C10	C11	C12	D10	D11	D12	E10	E11	E12	F10	F11	F12	G10	G11	G12	H10	H11	H12
1	0	25.1	5296	6441	6006	11153	13659	8177	2715	2992	3740	25558	23948	20938	30515	27258	21211	48369	41696	30309	34995	34882	31594	32350	33365	28051
2	25.9	25.2	5920	6852	6408	12771	15783	8894	2752	2995	3940	28985	26064	22869	35163	31675	22802	53926	44829	32430	39205	36957	36559	35621	37017	29293
3	51.8	25.2	7154	7588	6831	14142	16933	9656	2545	3277	3845	31962	27842	46503	38075	34288	25056	56983	47049	34384	43320	40271	38859	38264	38858	31586
4	77.6	25.3	7235	7652	6779	17218	17917	10108	2843	3043	3884	33629	28908	25324	40844	36195	26380	58916	47100	34978	46074	41430	40800	41390	41516	32499
5	103.5	25.2	8274	8314	7357	15944	18694	10464	2689	2916	3699	34726	29514	40468	42903	36599	28046	58827	48225	36397	50096	42912	42707	43545	44030	34232
6	129.4	25.2	8722	8671	7356	19017	19027	10878	2655	2963	3705	36470	30680	26543	44398	38141	30081	59156	48992	37425	50610	44947	44216	46992	45547	35171
																										
7	155.3	25.2	9379	8901	7907	18774	19835	10885	2792	2864	3553	38392	31818	27737	45342	39038	32040	60198	50737	38575	51881	45878	44926	49338	46234	36905
8	181.2	25.2	9953	9540	8253	20382	19905	11661	2444	2874	3904	38279	32749	39515	46328	39737	32159	60172	50703	39077	51825	44802	44878	49902	45477	37231
9	207.1	25.3	10844	10119	8637	21203	20326	11188	2588	2988	3679	39529	33462	27903	46612	41717	33259	59744	50542	40219	52002	44365	44985	50354	46673	38485
10	232.9	25.1	11093	10338	8443	21119	19641	11626	2635	2916	4144	39614	34982	27276	46789	43486	34174	60190	52268	40617	54069	43411	45551	50684	45428	40657
11	258.8	25.3	11940	10517	9277	21653	19422	12127	2625	2859	3567	40215	35473	27218	46619	43833	33943	59982	51584	42360	54551	43001	44920	50462	46229	41938
12	284.7	25.3	12494	11170	9583	21667	20492	12998	2757	2923	3330	39637	36438	27319	46605	43322	34159	59969	52203	42562	55069	45287	45445	51129	48170	43098
13	310.6	25.3	12137	12489	10749	22146	21861	13288	2794	2982	3413	40135	37107	27798	47544	43353	33707	60423	51211	43519	56307	46140	45096	50356	50433	45398
14	336.5	25.3	11886	13088	11436	22596	23436	13523	2663	2880	3532	39265	37438	28344	46770	43373	34018	OVER	50739	43454	57708	46970	45746	50753	51281	46086
15	362.3	25.4	12032	14452	11439	23167	23826	14065	2761	2825	3764	39581	37026	29922	47212	44579	34734	59966	50917	44800	58401	48324	46902	51985	53561	47354
16	388.2	25.3	12445	14854	11892	23474	25101	14201	2691	2888	3849	40407	37400	29482	48044	46009	34278	59441	50491	45444	58950	49463	48441	52570	55364	49418
17	414.1	25.3	12476	14332	12100	24040	24750	14596	2673	2828	3733	40527	37554	30247	48306	44746	34165	59157	51447	46192	59582	51403	49024	52257	56773	50491
18	440	25.4	12775	14470	12446	24356	24965	15529	2756	3002	3542	41796	38951	31151	49340	45686	34411	59291	53870	46983	59796	53086	50795	54468	57528	51054
19	465.8	25.6	12826	14582	12286	24727	24870	15529	2688	2976	3625	42197	39144	31657	48918	46999	35119	60018	55362	48602	60040	53891	52108	55723	58320	51152
20	491.7	25.6	13192	14969	12537	25653	26085	16198	2843	2881	3644	42289	39356	32364	50396	47702	36080	59556	55645	49640	59802	54034	53611	56138	58513	50563
21	517.6	25.4	13670	14855	13239	25802	25936	16219	2648	2948	3382	42897	38888	33002	50918	48960	36073	59736	55846	50391	59903	53396	55013	57373	58208	48717
22	543.5	25.6	14138	15306	13310	25844	26361	16724	2787	2743	3412	43453	39490	33484	50887	49466	38120	60234	57535	50595	59868	54053	56094	58382	58979	46627
23	569.4	25.6	14319	15811	13829	25904	26114	17371	2799	2889	3684	43942	40043	34443	51497	50581	38622	60167	58377	50945	60259	53682	57906	58894	59002	45456
24	595.2	25.6	14638	16351	14601	26399	27116	17003	2795	3009	3453	44874	40719	34394	51344	49948	38582	OVER	58825	51421	60463	54158	57867	59272	59272	42302
25	621.1	25.6	14791	17003	14562	26650	26816	17571	2722	2905	3436	45504	41300	34898	51801	51258	39418	OVER	59414	52881	60644	56046	58159	59531	59719	41134
26	647	25.6	15442	17165	14858	27171	28139	18122	2771	2983	3400	45805	42760	35075	52933	52089	39374	OVER	59535	52096	60535	56651	59347	60310	59935	39958
27	672.9	25.8	16155	17462	15418	27144	28029	18236	2637	2821	3416	45235	42292	35448	52348	51239	39701	OVER	60203	52447	60821	57399	58422	59624	60103	38767
28	698.8	25.7	17422	18285	16122	27269	28897	18574	2660	2798	3355	45471	42116	35723	52905	51866	39696	OVER	59875	53264	60276	57885	59761	59491	60753	38779
29	724.6	25.8	17053	19375	16309	27389	29821	19453	2660	2848	3542	45920	43133	35309	52520	52434	40037	OVER	60390	53116	60152	59183	60138	60034	OVER	38371
30	750.5	25.7	18649	20290	17323	27881	30910	19828	2784	2905	3335	46225	43033	36691	52160	52202	40177	OVER	60240	53841	59884	59340	59829	60430	OVER	38215
31	776.4	25.7	18232	21290	17109	28491	31846	20306	2858	3017	3556	46728	43069	37076	54627	52834	40733	OVER	60102	53713	60003	60564	58693	60805	OVER	36953
32	802.3	25.8	19350	22571	17749	29364	32900	20734	2603	2869	3501	47785	43806	37260	54768	52775	41204	OVER	60735	53797	59256	60379	58161	60491	60528	36500
33	828.2	25.8	19371	23848	18741	29838	34375	21934	2691	2880	3497	48450	44470	38164	55303	53051	42407	60699	60966	55508	58559	60694	55946	OVER	60931	35559
34	854	25.8	19007	23975	19069	30609	35033	22692	2697	2647	3361	48400	44288	38763	56133	53293	43202	OVER	60623	55541	57920	60584	53935	60617	60222	34423
35	879.9	25.8	19845	24571	20224	31214	35839	23027	2818	2894	3542	50624	44122	39413	57270	54079	44705	OVER	OVER	56973	58306	60915	53366	OVER	60502	35119
36	905.8	26	19985	24604	20741	31386	35785	24014	2735	2864	3521	49836	45004	40086	57503	54339	44634	OVER	61090	56862	56062	60041	52375	OVER	57560	33615
37	931.7	26.1	19667	25115	21595	32505	35943	24881	2576	2919	3582	50829	44482	41072	57709	55332	44044	60980	60786	57177	54324	58462	50198	60731	53987	33363
38	957.5	26.1	19790	25145	22042	33247	35691	25693	2707	2924	3414	51607	44776	41561	59122	56025	43628	60875	OVER	57672	53134	57229	49477	60423	52533	33807
39	983.4	26.1	19531	24934	22573	34167	35767	26484	2666	2858	3434	53747	45193	42601	59418	56092	43293	61228	OVER	57743	52032	55390	49313	60930	49786	33586
40	1009.3	26.1	20240	25445	22747	34516	35990	26815	2736	2778	3386	55641	46262	44212	59951	56154	43005	61042	OVER	58657	50936	54143	48275	60367	49969	32861
41	1035.2	25.9	20580	25601	22544	36221	36113	27709	2709	2800	3377	56225	45902	45720	59935	58050	43106	OVER	OVER	58854	50463	52064	47546	60424	49467	33704
42	1061.1	25.9	20223	25508	22962	36929	35473	27970	2656	2874	3320	56903	46278	44545	59269	57765	43444	OVER	OVER	57604	49783	51180	47395	59139	48190	33542
43	1086.9	26.1	20352	25228	22461	37285	35328	26727	2611	2923	3515	57469	46279	44673	57498	57210	43097	OVER	OVER	56521	49109	49736	46661	55984	48068	33223
44	1112.8	26.1	20564	24897	22503	37793	34862	26697	2715	2749	3357	56912	46875	43162	56450	56617	43013	OVER	OVER	55617	49015	49086	46680	54951	47826	33288
45	1138.7	26.1	20584	24864	22510	38191	34210	26847	2716	2969	3393	55445	46716	43434	55541	56386	42249	OVER	OVER	55511	48317	48621	45516	53251	47311	33076
46	1164.6	26.2	20516	24528	22581	37139	33805	26983	2711	2882	3488	54952	48119	42112	54058	55267	42586	OVER	OVER	54640	49053	48355	46535	51864	47170	32970
47	1190.5	26.2	20803	24136	22881	37077	33671	27273	2518	2920	3463	52813	48529	42659	52489	55559	41772	OVER	OVER	54724	48769	48241	46013	51061	47352	33082
48	1216.4	26.4	20609	24149	23369	36936	33203	27302	2612	2909	3308	51732	49473	42646	51944	54510	40857	OVER	OVER	54893	49017	48236	45692	50876	47176	32688
49	1242.2	26.2	20734	24112	22946	36338	33460	27110	2537	2895	3507	50241	50044	41814	50957	53456	39984	OVER	OVER	53912	48330	47150	46052	50152	47132	32447
50	1268.1	26.4	20944	23697	22787	35641	32648	27041	2756	2764	3401	48753	50993	42084	49957	52310	39484	OVER	OVER	52529	48699	47223	46148	50159	46952	33256
51	1294	26.2	21035	23828	23274	34974	32483	27063	2628	2816	3544	47859	50739	41552	49885	51382	38676	OVER	OVER	51625	48675	47298	45832	49882	46099	32547
52	1319.9	26.2	20993	24070	22787	34518	32452	26681	2580	2889	3514	47818	51167	41722	49453	51060	38987	OVER	60291	51770	49373	47074	45296	49768	47389	32731
53	1345.8	26.4	21219	24255	23117	33627	32422	26432	2519	2722	3406	46943	51414	41213	48753	49425	38063	OVER	60544	50747	49072	47494	45324	50215	47056	32667
54	1371.6	26.4	20587	23528	22644	33877	32152	26378	2633	2836	3519	46093	51762	40883	49717	49626	38040	OVER	60702	50489	48351	47350	45887	49450	46524	32630
55	1397.5	26.4	20882	23816	22661	33298	32272	26495	2606	2872	3453	46426	51761	40522	49480	48443	38225	OVER	60807	49861	49477	46974	44786	50038	47052	33069
56	1423.4	26.4	20947	23085	23424	33432	31939	26196	2698	2809	3477	46140	50757	40603	48115	47234	38237	OVER	60566	50462	48684	47003	45099	49443	47024	33136
57	1449.3	26.4	21208	23482	22678	32854	31511	26256	2644	2917	3281	45536	49144	40192	48847	48272	38074	OVER	59834	49830	48647	48030	44985	49688	46926	32947
58	1475.2	26.4	21093	23508	22586	32943	32284	26831	2672	2880	3608	45209	49419	39659	49415	47229	37880	60852	59112	50130	49017	47844	44841	49409	47078	33229
59	1501.1	26.2	21268	23329	22372	32816	32528	26340	2601	2876	3577	45662	48479	38996	48880	46395	38320	60778	58656	49688	48011	46973	44788	50812	47276	33321
60	1527	26.4	21133	23546	22639	32602	31802	26276	2718	2940	3489	45185	48467	39319	49217	46904	38427	60794	58116	49076	48524	47104	44606	49568	46874	32524
61	1552.8	26.2	21125	23019	22300	32565	31609	25649	2737	2894	3358	45853	47903	38869	49083	46495	37433	60662	57853	49150	48568	46778	44040	49271	47086	32865
62	1578.7	26.4	20285	23182	22404	32385	31280	25560	2681	2842	3353	44886	47761	38688	48176	45935	37558	60893	57336	49087	48515	46777	43442	49326	46500	32531
63	1604.6	26.4	20813	23093	21958	32431	31805	25568	2714	2725	3454	44576	47790	38005	48777	46349	38499	60165	57045	49451	47876	47234	44682	50064	46615	32601
64	1630.5	26.2	20721	23055	21886	32317	31890	25673	2715	2913	3245	44197	47006	38578	48786	45762	38164	60275	57321	49086	47648	46510	43365	49035	46648	32391
65	1656.4	26.4	21203	23348	22522	32707	31576	25575	2651	2819	3314	44574	46452	38271	48589	45614	37590	59998	57132	49256	48498	47151	44608	49275	46496	32796
66	1682.2	26.4	21087	22876	22240	32308	31238	25078	2693	2919	3515	45314	46608	38257	48452	46223	37602	59925	56327	49249	48462	46754	44728	50508	46664	32528
67	1708.1	26.4	20746	23272	22450	31560	31702	25681	2758	2957	3445	44837	46336	38235	48138	46119	37739	59895	56938	49335	47920	47045	44458	49858	45864	32581
68	1734	26.5	21218	22934	22425	31937	31196	25435	2724	2842	3363	45003	45390	37975	48307	45625	37545	59653	56899	49371	48137	46872	43626	49324	45858	32913
69	1759.9	26.4	20959	22801	21694	32295	31452	25584	2772	2850	3526	44430	44958	37318	48324	45159	37406	59495	56133	49246	48095	46128	44212	48763	45633	32109
70	1785.8	26.3	20885	23102	22148	32050	31550	25537	2708	2834	3431	44542	44595	37423	48551	44940	38053	59386	55881	49100	48379	45988	43833	48940	46333	32670
71	1811.7	26.5	20859	23053	21863	32232	31107	25517	2574	2873	3329	44340	44969	37765	48446	45720	37253	59449	56393	49505	47883	46953	43829	49758	46179	32533
72	1837.5	26.4	20886	22999	22151	32458	31862	25613	2607	2720	3416	44704	44818	38422	48413	46108	37897	59866	55803	48903	48665	47326	44765	49948	46361	31770
73	1863.5	26.5	20708	22537	21487	32045	31321	24929	2536	2876	3528	43906	44355	37118	47086	44933	36677	58603	55837	48483	47216	46015	43130	48789	45696	31787
74	1889.3	26.5	20873	22900	21644	31305	31507	25556	2646	2773	3518	44434	43948	37799	47927	45411	37249	59783	55779	49049	48515	46920	43800	49391	46693	32302
75	1915.2	26.5	20692	22752	21841	31521	31624	25490	2639	2822	3393	45069	43505	38548	47603	45107	37862	59248	54587	48826	48049	46907	43198	48160	45249	31969
76	1941.1	26.4	20814	23218	22086	32263	31423	25346	2494	2836	3471	44601	44325	37773	47886	45682	37568	59839	56014	48981	48797	46933	44031	49153	46799	32925
77	1967	26.4	20646	22313	21886	32221	31327	25050	2650	2984	3406	44555	44532	37880	47430	45555	37916	59253	55631	48878	48191	46817	44167	49395	46741	34774
78	1992.9	26.5	21150	22834	22007	31626	31150	25975	2645	2818	3298	44564	43774	37933	48235	44896	36712	59067	55931	49600	48065	46515	43686	49490	46002	38328
79	2018.8	26.5	21137	22786	22434	31710	31525	24883	2622	2894	3448	44654	43667	37413	48239	45282	37444	59674	55359	48936	48274	46247	44258	49687	46644	38054
80	2044.6	26.5	21183	23006	21695	31633	31493	25282	2732	2801	3398	44437	43467	38025	47327	45125	37427	59255	55589	49050	47680	47038	44040	49627	45616	41977
81	2070.5	26.5	20574	22743	22064	31495	31092	25160	2669	2881	3437	43636	43985	37918	47767	45711	37168	59113	54745	48516	47577	45916	43644	49428	45691	40624
82	2096.4	26.5	20965	22933	21925	32186	31485	25585	2638	2948	3300	43971	44019	37040	47717	45538	36808	59721	55895	49138	47533	46591	44006	49087	46026	36919
83	2122.3	26.6	20921	22796	21931	32191	30946	25375	2619	2753	3474	44529	43592	37393	47847	44963	37012	58882	54944	49003	47500	46824	44314	48186	45780	40035
84	2148.2	26.5	20614	22937	21907	31643	31706	25072	2669	2845	3388	44723	44047	37720	46960	45247	37163	58880	54329	49472	47713	46304	44019	48969	45975	38868
85	2174.1	26.5	20474	22549	21533	32167	31266	25302	2653	2849	3426	44329	43446	37966	47225	45493	37107	59250	55071	49777	47698	46336	44641	50272	45698	37595
86	2200	26.5	20508	22601	22038	31611	30889	25250	2500	2789	3523	43476	43741	37278	47742	44507	36572	58616	55652	49556	47422	46085	43450	49132	45548	37996
87	2225.8	26.5	20587	22497	21763	31436	30864	24972	2646	2892	3494	44886	43379	36678	46863	44627	37412	58772	55327	48605	47937	46258	43660	48531	45414	35445
88	2251.7	26.6	20335	22831	21751	31677	31127	24841	2601	2851	3532	44265	44350	37865	47554	44408	37090	58895	54822	49330	48161	46683	44331	49192	45715	34137
89	2277.6	26.5	20560	22873	22008	31524	31176	25265	2474	2812	3423	44572	44108	37577	46984	44438	36503	58944	56113	48157	48138	46544	43363	48893	45791	32414
90	2303.5	26.6	20457	22960	22070	31233	30905	25108	2626	2938	3497	44233	43479	37815	47331	44847	36802	58627	54502	48803	48066	45677	42691	48562	45389	32229
91	2329.4	26.6	20373	23279	21822	31789	31076	24991	2608	2905	3533	44201	43408	37388	46860	45049	36183	59059	53761	48966	47704	46111	43003	48996	45653	31600
92	2355.3	26.6	20986	23081	21638	31268	30512	25006	2505	2756	3490	44414	44001	37543	47726	44464	36768	59068	54735	48603	47641	45706	42807	49411	45341	31904
93	2381.1	26.7	20536	22273	21604	31510	31148	25092	2810	2831	3433	43772	43011	37241	46755	45395	36367	57857	54005	47297	47464	45804	43328	50669	45580	30758
94	2407	26.7	20280	22149	21683	31681	31068	24943	2625	2917	3372	43844	43426	37072	47021	44306	36228	57710	54118	47630	47342	46049	43926	48791	45558	31696
95	2432.9	26.7	20620	22684	21587	31453	30849	25239	2529	2848	3233	43825	43238	37212	47342	44768	37310	58221	54371	48499	47088	45745	43463	49498	45951	32005
96	2458.8	26.7	20302	22780	22100	31736	31584	25305	2698	2833	3400	44214	43305	37199	47292	45037	36762	58313	54553	48445	47547	46815	43253	49564	45822	31194
97	2484.7	26.7	20415	22432	22039	31428	30707	25360	2537	2904	3331	44714	43549	37836	47484	45114	36459	58344	53909	47728	47099	45136	42917	48914	44443	31232
98	2510.5	26.7	20686	22987	21936	31786	31318	25009	2575	2707	3285	44256	43725	37899	46580	45337	36774	59114	54482	48180	47431	45941	43830	49076	45306	31328
99	2536.4	26.7	20505	22355	21697	30521	30751	24494	2616	2897	3506	43761	43542	37005	46227	44331	36159	58308	53917	46737	46759	46221	42814	49044	45682	31299
100	2562.3	26.7	20451	22407	22058	32150	30915	24646	2635	2831	3309	43512	43772	37805	46994	44479	36716	58259	54601	48511	47579	46172	43646	49592	45048	32112
101	2588.2	26.9	20240	22760	22012	31695	31320	24805	2607	2924	3420	44024	43682	37827	47342	44731	36885	58131	54938	48399	48237	46458	44429	49794	46199	33046
102	2614.1	26.7	20455	22734	21915	31625	30750	24879	2610	2838	3240	43802	43669	37725	47275	44422	36899	58575	54089	48565	47718	47102	43607	49462	45192	37048
103	2640	26.7	20322	22268	21381	31201	30987	24247	2614	2727	3328	43718	43788	37475	47261	44957	36034	57891	54357	48158	46461	45943	42833	49770	45567	39101
104	2665.8	26.7	20489	22901	21586	31202	30657	24881	2590	2925	3336	43279	43337	36992	47260	44476	36673	58535	54512	48429	47235	45432	43155	49909	45437	36618
105	2691.7	26.9	20026	22770	21388	31355	30673	24714	2670	2879	3245	43854	43085	36561	47331	44706	36486	58470	53626	48391	46966	45625	43493	49901	45321	44059
106	2717.6	26.7	20369	21915	22030	30969	30378	24752	2657	2837	3479	43820	43057	37640	46223	44850	35681	58483	54236	48279	47231	45386	42806	48444	45070	42173
107	2743.5	26.9	20391	22383	22114	31557	30174	25057	2667	2889	3377	43646	44540	36966	46871	44875	35922	57824	54278	49067	47144	45844	43706	49353	45244	40092
108	2769.4	27	20323	22454	21516	31186	30826	24888	2663	2894	3389	44463	43822	37185	46928	44785	36109	57284	54657	49038	46968	45920	43317	49398	45872	37838
109	2795.3	26.9	20111	22257	21257	31410	30229	24071	2726	2968	3317	43631	43244	36917	46595	44478	36400	58075	54486	48398	46824	45483	43068	49815	45982	37495
110	2821.2	27	20490	22585	21248	31530	31236	24923	2668	2815	3441	43864	43593	36938	47357	44517	36632	58467	54716	48236	47203	45788	43183	49178	44955	35936
111	2847.1	26.9	20032	22178	21349	30950	30567	24288	2542	2878	3366	43346	42864	36640	46405	44511	36063	58069	53327	47575	46831	45356	42978	49513	45333	35837
112	2872.9	27	20252	22186	21269	31317	30453	24688	2575	2873	3268	42558	43036	36741	46829	43987	35943	58296	53430	47249	46657	45767	43300	48664	44750	35584
113	2898.8	26.9	20083	22600	21700	31275	30335	24776	2680	2745	3447	43034	42563	37336	47081	44416	36533	58706	54000	48316	47016	46085	42430	48281	45316	35156
114	2924.7	26.9	19768	22117	21118	30488	30574	24969	2547	2965	3565	42600	43270	36845	46505	43845	36562	58082	53616	47935	46104	44952	42530	48884	44864	34673
115	2950.6	26.9	20248	22148	21490	30768	30449	24531	2651	2946	3386	42829	43089	36946	46661	44356	36397	58142	53881	47161	46553	45403	42929	49227	44533	33288
																										
End Time:																										
	11/05/2017 05:40:50 p.m.																									
