,id,sec_struct_3state
0,1,C
1,2,C
2,3,C
3,4,C
4,5,E
5,6,E
6,7,E
7,8,E
8,9,E
9,10,E
10,11,E
11,12,E
12,13,E
13,14,C
14,15,C
15,16,E
16,17,E
17,18,E
18,19,E
19,20,E
20,21,C
21,22,C
22,23,C
23,24,C
24,25,H
25,26,H
26,27,H
27,28,E
28,29,E
29,30,E
30,31,E
31,32,E
32,33,E
33,34,H
34,35,H
35,36,H
36,37,H
37,38,H
38,39,H
39,40,H
40,41,H
41,42,H
42,43,H
43,44,C
44,45,C
45,46,C
46,47,C
47,48,E
48,49,E
49,50,E
50,51,E
51,52,E
52,53,E
53,54,H
54,55,H
55,56,H
56,57,H
57,58,H
58,59,C
59,60,C
60,61,C
61,62,C
62,63,C
63,64,H
64,65,H
65,66,H
66,67,H
67,68,H
68,69,H
69,70,H
70,71,H
71,72,H
72,73,H
73,74,C
74,75,C
75,76,C
76,77,E
77,78,E
78,79,E
79,80,E
80,81,E
81,82,C
82,83,C
83,84,C
84,85,C
85,86,C
86,87,H
87,88,H
88,89,H
89,90,H
90,91,H
91,92,H
92,93,H
93,94,H
94,95,H
95,96,C
96,97,C
97,98,C
98,99,C
99,100,E
100,101,E
101,102,E
102,103,E
103,104,C
104,105,H
105,106,H
106,107,H
107,108,H
108,109,H
109,110,C
110,111,H
111,112,H
112,113,H
113,114,H
114,115,H
115,116,H
116,117,H
117,118,H
118,119,H
119,120,H
120,121,H
121,122,H
122,123,H
123,124,H
124,125,E
125,126,E
126,127,E
127,128,E
128,129,E
129,130,E
130,131,E
131,132,E
132,133,C
133,134,E
134,135,E
135,136,E
136,137,E
137,138,E
138,139,E
139,140,C
140,141,E
141,142,C
142,143,E
143,144,E
144,145,E
145,146,E
146,147,E
147,148,H
148,149,H
149,150,H
150,151,H
151,152,H
152,153,H
153,154,H
154,155,H
155,156,H
156,157,H
157,158,H
158,159,C
159,160,C
160,161,C
161,162,C
162,163,E
163,164,E
164,165,E
165,166,E
166,167,E
167,168,H
168,169,H
169,170,H
170,171,C
171,172,C
172,173,C
173,174,C
174,175,C
175,176,C
176,177,C
177,178,C
178,179,H
179,180,H
180,181,H
181,182,H
182,183,H
183,184,H
184,185,H
185,186,H
186,187,H
187,188,H
188,189,H
189,190,C
190,191,C
191,192,C
192,193,E
193,194,E
194,195,E
195,196,E
196,197,C
197,198,C
198,199,C
199,200,C
200,201,C
201,202,H
202,203,H
203,204,H
204,205,H
205,206,H
206,207,H
207,208,H
208,209,H
209,210,C
210,211,C
211,212,H
212,213,H
213,214,H
214,215,C
215,216,E
216,217,E
217,218,E
218,219,E
219,220,E
220,221,E
221,222,C
222,223,H
223,224,H
224,225,H
225,226,H
226,227,C
227,228,C
228,229,C
229,230,C
230,231,C
231,232,H
232,233,H
233,234,H
234,235,H
235,236,H
236,237,H
237,238,H
238,239,H
239,240,C
