Application: Tecan i-control				Tecan i-control , 1.8.50.0				
Device: infinite M1000				Serial number: 902005916				
Firmware: V_1.35_08/2010_S3F (Aug 11 2010/09.36.01)				MAI, V_1.35_08/2010_S3F (Aug 11 2010/09.36.01)				
								
Date:	19/08/2015							
Time:	01:06:24 p.m.							
								
								
System				BA-06679A1CA79C				
User				BA-06679A1CA79C\Infinite Reader				
Plate				Nunclon 96 Flat Bottom Black Polystyrol LumiNunc FluoroNunc [NUN96fb_LumiNunc FluoroNunc.pdfx]				
Plate-ID (Stacker)								
								
List of actions in this measurement script:								
Kinetic								
Fluorescence								
								
								
Label: Label1								
Kinetic Measurement								
Kinetic duration				0:50:00				
Interval Time				Minimal				
Mode				Fluorescence Top Reading				
Excitation Wavelength				255	nm			
Emission Wavelength				334	nm			
Excitation Bandwidth				5	nm			
Emission Bandwidth				5	nm			
Gain				216	Optimal (100%)			
Number of Flashes				50				
Flash Frequency				400	Hz			
Integration Time				20	µs			
Lag Time				0	µs			
Settle Time				0	ms			
Z-Position (Manual)				20000	µm			
Part of Plate				A12-F12				
Start Time:	19/08/2015 01:06:50 p.m.							
								
								
Cycle Nr.	Time [s]	Temp. [°C]	A12	B12	C12	D12	E12	F12
1	0	28.3	20463	21175	39594	40242	21481	21286
2	2.9	28.3	21391	21029	37906	40012	20418	21160
3	5.8	28.2	21644	21369	38444	40878	20647	21095
4	8.6	28.2	20950	21205	37708	40198	20313	21089
5	40.8	28	21445	21515	38483	41681	40842	37316
6	43.7	28.2	22332	22086	39731	41330	42108	36993
7	46.6	28.2	22003	21672	39785	40811	41486	37909
8	49.5	28.2	22215	22156	40693	40852	39192	36964
9	52.3	28.2	21853	21110	40304	42860	41243	36966
10	55.2	28.2	22212	20882	39702	42617	39533	37087
11	58.1	28.2	22018	22004	40892	40827	39820	37034
12	61	28.3	21593	22286	40581	42722	41152	36629
13	63.9	28.3	22442	21166	39079	42161	40058	37158
14	66.8	28.2	21571	21610	39670	41550	40194	36535
15	69.6	28.2	22426	21261	39681	39899	39863	35881
16	72.5	28.2	20468	21815	40183	42939	40259	36581
17	75.4	28.2	22051	21332	40073	42037	39391	37455
18	78.3	28.2	21874	22130	40181	42433	39975	35989
19	81.2	28.2	22000	22441	39861	42487	39040	37243
20	84	28.3	21883	21283	39800	41455	40559	37152
21	86.9	28.3	22383	21689	41088	41840	40685	36281
22	89.8	28.2	21495	22190	40400	41870	40407	36991
23	92.7	28.2	21218	21135	39702	42196	40581	37387
24	95.6	28.3	21829	21455	40933	42112	40529	36810
25	98.4	28.3	21565	21888	40382	42065	39481	36364
26	101.3	28.2	21110	21686	40415	42694	39200	36515
27	104.2	28.2	22072	21641	40127	42590	40301	35725
28	107.1	28.2	21593	22059	40539	41968	39073	36465
29	110	28.2	22264	20950	41356	41697	38325	35823
30	112.9	28.3	21748	21451	40701	41536	38985	36450
31	115.7	28.3	21314	21105	40394	41777	39937	35761
32	118.6	28.2	21717	21779	39966	41743	39515	36616
33	121.5	28.2	21625	21765	39932	41513	39484	37162
34	124.4	28.2	22051	21038	40109	42311	39820	36702
35	127.3	28.2	21335	21898	40706	41769	38919	36604
36	130.1	28.3	21686	21881	40945	41279	40638	36266
37	133	28.3	21591	22269	40226	42498	39738	35996
38	135.9	28.2	22746	22269	40630	40563	39505	35815
39	138.8	28.2	21714	21439	40567	42752	39057	36415
40	141.7	28.2	21825	21756	40647	42319	40808	36295
41	144.5	28.2	22061	21921	42064	41584	40042	36069
42	147.4	28.3	22033	21275	39716	42286	39375	37312
43	150.3	28.3	20898	21406	41188	42357	39904	35895
44	153.2	28.2	22422	21274	39878	41566	39694	37343
45	156.1	28.2	21531	21493	40964	41603	38570	36096
46	159	28.3	21837	21824	41418	41566	40541	37661
47	161.8	28.3	21862	21979	39823	43135	40196	36789
48	164.7	28.3	22107	20852	40229	42623	39703	37109
49	167.6	28.3	20900	22090	40207	42732	40111	36222
50	170.5	28.3	21444	21677	41486	42237	39785	36175
51	173.3	28.3	21740	22093	40138	42904	38843	36367
52	176.3	28.2	21673	21570	40436	42079	38385	37055
53	179.1	28.2	22701	21058	40838	42511	39425	36601
54	182	28.2	22075	21393	40320	42989	39305	37900
55	184.9	28.2	21821	21672	40917	41702	38433	36722
56	187.8	28.3	22485	21629	40093	41938	39703	35508
57	190.7	28.3	22231	21095	40375	42296	38460	36026
58	193.6	28.2	21623	21727	40040	41522	40289	36658
59	196.5	28.2	21578	21834	40581	43010	40341	36791
60	199.3	28.3	21657	20792	40316	40769	39186	37382
61	202.2	28.3	21866	21616	41016	41979	39830	36436
62	205.1	28.2	22092	21473	42055	41191	39245	35477
63	208	28.2	21486	22247	40547	42290	39120	36404
64	210.9	28.3	22294	21587	39704	42257	39706	35554
65	213.8	28.3	21614	21958	40254	41822	40001	36625
66	216.6	28.2	21502	21736	39861	41868	39053	35962
67	219.5	28.2	21345	21319	40274	41063	39251	36965
68	222.4	28.3	21678	21057	40558	41723	39280	37136
69	225.3	28.3	21727	21798	39742	41688	40494	36937
70	228.2	28.3	21612	21527	40935	41454	40030	37560
71	231.1	28.3	21899	21862	41259	41886	39575	36185
72	233.9	28.3	21646	20877	40174	41699	39689	36689
73	236.8	28.3	22620	21511	39993	42029	38573	37197
74	239.7	28.3	21461	21631	41085	42848	39734	35913
75	242.6	28.3	21796	21446	40285	42700	39294	36553
76	245.5	28	22810	21949	39864	41896	39385	35297
77	248.3	28	21100	21641	40566	41640	39533	37285
78	251.2	28.3	21479	21670	40605	41523	38838	36896
79	254.1	28.3	22303	22348	40228	41137	39238	37249
80	257	28.3	22478	21593	41403	43125	40078	36583
81	259.9	28.3	21314	22469	40813	42179	38825	36856
82	262.7	28.2	21669	22107	39898	42103	38723	35897
83	265.6	28.2	21550	20910	40567	42331	39740	34710
84	268.5	28.2	21649	21998	40251	42881	38759	35643
85	271.4	28.2	22137	21602	39855	41925	39831	36494
86	274.3	28.2	21289	21683	40326	42468	39131	36103
87	277.2	28.2	21826	21722	42280	41819	39320	35796
88	280	28.3	21142	22158	40926	42105	40014	36672
89	282.9	28.3	21939	21431	40464	39867	38352	37239
90	285.8	28.2	21135	21551	41258	41694	38971	36292
91	288.7	28.2	22222	21854	38985	42103	40352	36546
92	291.6	28.3	22004	21608	39330	41443	39005	36402
93	294.4	28.3	22676	22125	40062	41581	39395	36530
94	297.3	28.3	21423	22254	40517	41983	39723	36554
95	300.2	28.3	21790	22440	40458	41747	38969	35629
96	303.1	28.2	20955	22519	40370	42252	40009	36292
97	305.9	28.2	21970	22360	40215	42387	38806	36278
98	308.8	28.3	22162	22138	41307	41631	38721	36356
99	311.7	28.3	21825	22389	39554	41121	40141	35434
100	314.6	28.3	22264	21458	40362	42583	39549	35991
101	317.5	28.3	21721	22171	40425	41799	38807	35958
102	320.4	28.3	21065	22120	40294	41357	38271	36567
103	323.2	28.3	21828	21613	40265	43377	39498	35904
104	326.1	28	21728	21408	40843	42628	39480	36322
105	329	28	21737	21731	40105	42496	39616	36307
106	331.9	28.3	21801	21578	40682	41654	38851	36039
107	334.8	28.3	21139	21790	40804	42096	39166	35882
108	337.7	28.3	21034	21792	39330	42462	39452	36811
109	340.5	28.3	22760	22012	39706	41065	39495	35714
110	343.4	28.2	22739	21000	39202	41862	39074	35446
111	346.3	28.2	21426	21888	40128	42327	38185	36624
112	349.2	28.3	21836	22157	40347	42057	39809	36540
113	352.1	28.3	21602	21513	40278	41730	39416	37346
114	355	28	21559	22290	41384	41601	40184	36880
115	357.8	28	20832	22557	40244	40968	38654	36204
116	360.7	28.3	22270	21696	40119	41969	40837	35464
117	363.6	28.3	21215	21555	39523	42511	39401	35853
118	366.5	28.2	22712	22421	40158	41408	38830	36878
119	369.4	28.2	22191	22586	40144	42912	38815	35838
120	372.2	28.2	21749	21886	40645	42590	40028	35580
121	375.1	28.2	22183	21366	40197	41250	39523	37028
122	378	28.3	21968	21197	39887	41593	39478	35701
123	380.9	28.3	21956	21934	39923	41790	37472	34106
124	383.8	28.2	21044	21268	40389	42329	40726	36204
125	386.7	28.2	21912	21397	40516	41962	38025	35718
126	389.5	28.3	22503	21346	40047	42063	38479	36887
127	392.4	28.3	22113	21451	39882	41427	38775	36453
128	395.3	28.3	22203	21949	40466	41452	39310	35530
129	398.2	28.3	22176	22163	40431	40965	39235	35752
130	401	28.3	22047	21946	39996	42597	38339	35007
131	403.9	28.3	21885	21347	40173	41965	39808	36044
132	406.8	28.2	22250	21891	39850	41524	38955	36271
133	409.7	28.2	22597	21790	41482	42211	38536	36052
134	412.6	28.3	21012	22058	40834	40463	38495	37046
135	415.5	28.3	21580	21839	39852	42716	38972	35912
136	418.3	28.3	21411	21606	41424	41224	38890	36272
137	421.2	28.3	21566	21788	40492	40384	39053	36073
138	424.1	28.3	22271	21921	39692	41899	38792	35746
139	427	28.3	21205	21339	41073	42213	39309	36302
140	429.9	28.3	22678	21901	40225	41952	38766	35589
141	432.7	28.3	21873	21335	40983	42224	38832	36154
142	435.6	28.2	20739	21279	39493	42067	39928	35673
143	438.5	28.2	22263	22042	40244	41331	39776	36135
144	441.4	28.2	21679	22150	39862	42536	38974	35405
145	444.3	28.2	21390	22351	39637	42568	39057	36357
146	447.1	28.3	21666	22351	41332	42795	39089	35222
147	450	28.3	22175	22437	39032	42206	39382	35510
148	452.9	28.2	20185	21908	40752	41683	39654	35948
149	455.8	28.2	23056	21893	39684	41294	37800	36761
150	458.7	28.3	22405	21168	40669	41982	39497	35740
151	461.6	28.3	21988	22023	40765	42160	39461	36259
152	464.5	28.3	21821	21532	40467	41514	39050	36803
153	467.3	28.3	21806	21683	40593	42697	38908	35795
154	470.2	28.2	22137	21194	40542	42254	37643	36522
155	473.1	28.2	22293	21153	40626	42367	39014	36336
156	476	28.3	21789	22646	40161	42558	38669	35829
157	478.8	28.3	22057	22063	39788	41269	39140	35711
158	481.7	28.3	21662	21812	40300	42038	41048	35282
159	484.6	28.3	22172	22154	40854	41573	38077	35736
160	487.5	28.4	22207	21742	39757	43816	38772	35410
161	490.4	28.4	21408	21024	41035	41095	40227	36474
162	493.3	28.2	22471	21535	38759	42679	39810	35731
163	496.1	28.2	20880	21896	41223	42568	39718	35785
164	499	28.4	22247	21952	39374	41144	38072	35954
165	501.9	28.4	22251	21266	40224	40776	39167	34413
166	504.8	28.2	21641	21628	39052	42626	39499	36476
167	507.7	28.2	22148	20877	41380	41657	39684	35635
168	510.6	28.2	20884	21957	40296	41926	40296	35531
169	513.5	28.2	21659	21674	40330	42009	39714	35717
170	516.3	28.2	20998	21022	39284	41098	39366	34924
171	519.2	28.2	21528	22349	39693	42037	38221	34715
172	522.1	28.4	21281	22079	39414	41760	40725	35021
173	525	28.4	21691	21117	38931	42039	38907	36023
174	527.9	28.3	22012	20958	40687	41948	38872	36550
175	530.7	28.3	21907	22283	39402	42186	39455	35923
176	533.6	28.3	20795	22071	39779	42324	39187	35626
177	536.5	28.3	21032	21992	40378	42460	38495	35766
178	539.4	28.3	22056	21235	39328	43021	37536	34258
179	542.3	28.3	22343	22067	40436	41168	39317	35736
180	545.1	28.4	21732	22660	39708	42319	39773	35268
181	548	28.4	21870	21942	38686	42503	38117	35363
182	550.9	28.4	21883	22603	40489	42605	37624	34959
183	553.8	28.4	22680	21967	39826	42341	39223	36040
184	556.7	28.4	21638	21744	41322	41682	39039	36467
185	559.5	28.4	22397	22507	40459	41393	38189	35958
186	562.4	28.4	21656	21613	41242	41012	40022	35330
187	565.3	28.4	21924	22432	40267	41248	38410	35760
188	568.2	28.3	21756	21788	40845	41815	40124	34805
189	571	28.3	21995	21810	41513	41535	38985	35258
190	573.9	28.2	21819	21730	39554	41463	39094	35721
191	576.8	28.2	22062	21758	40504	41268	38982	35193
192	579.7	28.4	20974	22512	40134	42085	39018	35223
193	582.6	28.4	21317	23304	39910	41029	39175	35715
194	585.5	28.3	21667	21653	40889	41018	39076	36756
195	588.4	28.3	21980	22218	40106	41398	40168	35999
196	591.2	28.3	22121	21137	39889	42034	37671	35456
197	594.1	28.3	21826	22274	40021	42469	39361	36534
198	597	28.4	21680	22231	40133	41858	38750	35513
199	599.9	28.4	21642	21785	40964	42483	40210	35567
200	602.7	28.4	22453	21765	38663	42779	38426	36229
201	605.6	28.4	22013	21608	40209	41654	38926	36359
202	608.5	28.3	21971	21902	39756	42749	39398	36222
203	611.4	28.3	22147	21143	40683	42216	38198	34964
204	614.3	28.4	22407	22370	40032	41062	38509	35516
205	617.2	28.4	21630	21768	40011	41375	39445	37395
206	620	28.3	22430	21714	40225	41376	38707	34968
207	622.9	28.3	22323	21092	40085	41075	39281	36100
208	625.8	28.4	21793	22072	40720	42758	39259	35478
209	628.7	28.4	21601	21998	40462	42663	39789	36152
210	631.5	28.2	21643	21477	40089	41489	39103	36949
211	634.4	28.2	22316	22159	39827	41273	38166	34572
212	637.3	28.4	22861	22914	40511	41285	37423	35356
213	640.2	28.4	22129	21703	39928	40529	39058	34821
214	643.1	28.3	21455	21804	40281	41752	39357	35302
215	645.9	28.3	22281	21691	39382	40726	38564	36213
216	648.8	28.3	21686	21649	40193	42432	38903	34701
217	651.7	28.3	21566	21221	40583	40947	37430	36310
218	654.6	28.3	22393	22208	39694	41086	38057	36709
219	657.5	28.3	22527	21236	40503	41989	38921	34998
220	660.4	28.4	21661	21796	41674	42228	38910	34876
221	663.2	28.4	21923	21336	41086	41935	39022	36583
222	666.1	28.3	22428	21151	39090	40721	38513	34993
223	669	28.3	21901	21868	40468	40583	39792	35582
224	671.9	28.3	21004	22555	40439	41806	39575	34553
225	674.8	28.3	21050	21803	40273	41570	38039	35688
226	677.7	28.3	22460	22324	40535	42321	39031	35861
227	680.5	28.3	21434	21574	40373	42099	38181	35769
228	683.4	28.4	21989	21964	40094	41791	38526	35556
229	686.3	28.4	22013	21068	40882	41041	39189	34798
230	689.2	28.3	20722	21480	40246	43158	38927	34379
231	692.1	28.3	22017	21414	39764	42211	39475	35445
232	694.9	28.3	22575	21736	39489	41866	38965	36064
233	697.8	28.3	21844	21861	39902	41116	37734	35764
234	700.7	28.3	22208	21207	40526	41975	39607	36504
235	703.6	28.3	21492	22523	40462	42158	38366	34828
236	706.5	28.4	22793	21853	39383	41753	39043	35438
237	709.4	28.4	22163	21704	40737	40983	38755	35730
238	712.2	28.4	21432	21573	40268	42204	39075	34884
239	715.1	28.4	22066	21701	40429	41631	39122	35468
240	718	28.3	21856	21493	40498	42754	37839	34680
241	720.9	28.3	21473	21918	39132	41811	39245	35451
242	723.8	28.2	21720	21419	40193	42743	38904	34131
243	726.6	28.2	22092	21608	39701	40635	39264	35118
244	729.5	28.4	21360	21395	40249	41873	38880	36608
245	732.4	28.4	22369	21810	39998	41959	38426	36653
246	735.3	28.4	22692	21954	40180	41396	37603	35457
247	738.2	28.4	22373	21943	40645	41249	40035	34540
248	741.1	28.4	22464	22367	41040	41506	38209	35058
249	744	28.4	22145	22223	40757	42919	38652	35637
250	746.8	28.3	22224	22311	39918	41680	38047	35908
251	749.7	28.3	21567	22021	40905	42318	39835	35350
252	752.6	28.4	21965	21921	40006	42214	38370	34442
253	755.5	28.4	22275	22277	40494	42489	38100	36234
254	758.4	28.3	21711	22413	40026	41312	38778	34256
255	761.2	28.3	22883	23047	40394	42398	38367	34103
256	764.1	28.4	21962	22230	40430	41765	39403	34973
257	767	28.4	22161	20952	40043	41707	38378	36557
258	769.9	28.4	21761	21883	39850	41776	40451	35317
259	772.8	28.4	21358	21932	39671	41164	38945	35986
260	775.6	28.4	21558	21737	40249	40740	38230	34738
261	778.5	28.4	22527	21352	39566	41279	38746	35723
262	781.4	28.4	21312	22607	40228	41364	38242	35061
263	784.3	28.4	22396	21898	39995	41864	39434	36031
264	787.2	28.4	22589	22013	40850	40520	38934	35629
265	790	28.4	22354	21140	40239	41917	38184	35750
266	792.9	28.3	22739	21096	40069	42297	39133	35130
267	795.8	28.3	22660	22405	39311	41428	37293	35492
268	798.7	28.4	22012	21829	39770	41650	38130	35294
269	801.6	28.4	21558	21554	40539	41952	38946	34620
270	804.5	28.4	21839	21628	38411	40939	38313	36135
271	807.3	28.4	22010	21753	40595	41921	38876	34982
272	810.2	28.4	21934	21706	39707	42244	38166	35272
273	813.1	28.4	22123	22157	40043	42280	38713	35268
274	816	28.4	21461	21236	39582	42261	40242	35645
275	818.9	28.4	22116	21969	40014	40173	37963	34778
276	821.8	28.4	21881	21993	39506	41247	39588	34755
277	824.6	28.4	22035	22159	41146	40674	38675	34823
278	827.5	28.4	22168	21164	39706	41600	38485	35098
279	830.4	28.4	21158	21732	39014	42904	37765	35506
280	833.3	28.4	21464	21933	40811	42325	38102	36224
281	836.2	28.4	21788	22204	40018	42428	38295	35387
282	839.1	28.3	22583	22364	41007	41954	38753	35570
283	841.9	28.3	22279	21368	40047	42907	38603	34803
284	844.8	28.3	21536	22596	40873	41668	40047	35052
285	847.7	28.3	22340	22392	40200	42252	38600	35354
286	850.6	28.5	21845	21008	40260	41209	38733	36058
287	853.4	28.5	21374	21653	40381	41853	38674	35369
288	856.3	28.4	21308	21369	40149	40521	38265	34953
289	859.2	28.4	21373	21328	39061	41807	39048	35553
290	862.1	28.4	22658	21882	40524	40520	39272	33971
291	865	28.4	21874	22582	38981	42069	38952	35101
292	867.9	28.4	22094	20999	39939	41732	38390	35000
293	870.8	28.4	21920	22673	40116	41101	38773	35003
294	873.6	28.4	22421	21775	39261	40898	38597	34146
295	876.5	28.4	20877	21596	40803	42269	36797	34529
296	879.4	28.3	21554	21552	39507	41881	37873	36253
297	882.3	28.3	22467	21844	40252	41065	37881	35695
298	885.2	28.4	21865	21383	40038	41077	39711	35666
299	888.1	28.4	22139	20737	40299	43078	38529	36132
300	890.9	28.3	22122	21972	40882	41773	37653	34776
301	893.8	28.3	22017	21820	38776	42489	37574	34628
302	896.7	28.4	22778	21624	39744	40593	37734	35207
303	899.6	28.4	22564	21595	40325	41969	38599	35710
304	902.5	28.4	21048	21597	40537	42940	38348	35187
305	905.3	28.4	20510	21502	40499	41082	38539	35157
306	908.2	28.4	22161	21969	40297	42396	37767	35039
307	911.1	28.4	22612	21392	39883	41182	38123	35067
308	914	28.4	21548	22569	39200	42837	39087	35371
309	916.9	28.4	21733	21550	39708	41818	37672	35167
310	919.8	28.4	21383	21566	41211	42139	38937	34903
311	922.7	28.4	21936	21841	39027	41188	38488	35456
312	925.5	28.4	22301	22342	39612	42908	39770	35498
313	928.4	28.4	21817	21881	40782	41115	37860	35146
314	931.3	28.4	21961	22170	40123	42056	38399	35464
315	934.2	28.4	22459	22347	39837	40774	38583	36461
316	937.1	28.4	21729	21499	39165	41505	38371	35664
317	939.9	28.4	21587	21831	39931	42809	38930	34544
318	942.8	28.4	22576	22895	41534	41579	38553	35552
319	945.7	28.4	22707	21551	40475	42349	36845	35080
320	948.6	28.4	21769	22188	38624	42084	38151	35732
321	951.5	28.4	21755	21722	39973	40584	39041	35632
322	954.4	28.4	21099	21867	39580	40755	40032	35362
323	957.2	28.4	21899	21707	39627	40440	37785	34092
324	960.1	28.4	22126	21925	40224	41887	37591	34364
325	963	28.4	21782	21879	40306	41380	39073	33923
326	965.9	28.4	22044	21726	40532	40567	38498	34879
327	968.8	28.4	22417	22074	39907	41314	38634	35053
328	971.7	28.4	21885	21298	40692	41848	37844	35532
329	974.5	28.4	22454	22637	40517	41492	38768	35292
330	977.4	28.5	21557	21733	39812	41384	38306	35085
331	980.3	28.5	21870	22431	39617	41655	38029	34571
332	983.2	28.4	21428	22256	39785	41069	38377	35599
333	986.1	28.4	21647	22795	40704	42010	37743	35326
334	988.9	28.4	21629	20997	40416	42041	40417	34653
335	991.8	28.4	21898	22011	40333	42194	38538	35380
336	994.7	28.4	22067	21138	40166	41387	37678	35297
337	997.6	28.4	21465	21997	39911	42116	38595	35095
338	1000.5	28.3	21267	21945	38833	41104	38707	35650
339	1003.3	28.3	22032	21513	40754	41590	37940	35212
340	1006.2	28.4	21922	21721	40330	40462	37897	34980
341	1009.1	28.4	22293	21443	38792	41309	37518	35427
342	1012	28.4	22570	22282	39349	41881	38556	35039
343	1014.9	28.4	22041	22055	39757	41584	38410	33746
344	1017.7	28.4	22296	21408	39233	40992	38648	34683
345	1020.6	28.4	21979	20961	40064	41855	38082	35593
346	1023.5	28.4	22067	20659	39095	41680	37604	35375
347	1026.4	28.4	21530	22417	40706	41538	38625	35388
348	1029.3	28.4	21730	21947	39980	41414	38399	33535
349	1032.2	28.4	21053	21793	40300	40877	38924	35781
350	1035	28.4	21975	21861	40096	41145	39277	33999
351	1037.9	28.4	21523	21468	39843	41829	38269	35127
352	1040.8	28.5	21730	21535	39523	41728	38533	35627
353	1043.7	28.5	21069	22416	40941	41779	39949	35115
354	1046.6	28.4	21620	22404	39841	40792	38867	34697
355	1049.4	28.4	22143	22357	39562	41811	37739	35313
356	1052.3	28.4	21901	21407	40004	40967	38474	34513
357	1055.2	28.4	21236	22362	38898	40983	38647	34586
358	1058.1	28.4	21785	20994	39586	41518	38310	35597
359	1061	28.4	22474	22332	39795	41428	37793	34120
360	1063.9	28.4	21797	21895	39230	40500	37940	34916
361	1066.7	28.4	22519	21117	40591	42234	38286	34836
362	1069.6	28.4	22100	21994	41383	41945	37875	34665
363	1072.5	28.4	22593	21777	39684	42012	37338	35174
364	1075.4	28.4	21751	21731	40106	42360	38619	35051
365	1078.3	28.4	21649	22021	38494	40818	38669	35376
366	1081.1	28.5	21924	21690	39621	41712	36812	34873
367	1084	28.5	21938	21590	39503	40876	38584	34596
368	1086.9	28.4	22205	21399	39318	40184	38129	35462
369	1089.8	28.4	21533	22072	38952	40701	37620	35417
370	1092.7	28.4	21776	21834	39562	41725	37874	35010
371	1095.6	28.4	21766	21888	39228	41194	37485	35404
372	1098.4	28.6	21770	22117	38594	43406	37987	34031
373	1101.3	28.6	22000	21795	39999	40921	37780	35418
374	1104.2	28.4	21830	22154	40013	41846	38727	34854
375	1107.1	28.4	21737	21428	38941	41904	37720	35380
376	1110	28.4	22023	22494	40758	40387	37893	35395
377	1112.9	28.4	22923	22424	39320	41435	36748	34980
378	1115.7	28.6	21697	21987	41188	40654	38801	34620
379	1118.6	28.6	22770	21090	39135	41557	37680	34225
380	1121.5	28.4	22032	21761	38850	40402	38113	34483
381	1124.4	28.4	22972	22401	38628	41933	38379	35094
382	1127.3	28.5	21828	21323	38833	41698	37611	35170
383	1130.2	28.5	21623	21624	39561	41525	37255	34193
384	1133	28.4	21571	21539	39711	41273	38414	34888
385	1135.9	28.4	21969	22171	41241	40257	39220	35037
386	1138.8	28.5	21119	21476	39609	41705	37885	33765
387	1141.7	28.5	21993	20975	38766	41501	37828	34123
388	1144.6	28.4	21768	22208	38858	40199	37653	34927
389	1147.4	28.4	21686	21891	40869	40846	38174	34215
390	1150.3	28.4	22057	21950	39892	41547	37639	34044
391	1153.2	28.4	21801	21715	39981	42317	38173	34296
392	1156.1	28.4	21198	22165	41346	40322	37536	34734
393	1158.9	28.4	22141	21850	38593	41347	37893	33843
394	1161.8	28.4	21752	22663	39794	40034	37321	34632
395	1164.7	28.4	21869	21698	39387	40097	37900	35396
396	1167.6	28.7	21974	21520	40562	40944	38811	35368
397	1170.5	28.7	22552	21354	39303	42481	38710	34935
398	1173.3	28.4	21434	20918	39359	40850	39228	35002
399	1176.2	28.4	22657	22107	40360	41584	37569	34611
400	1179.1	28.6	22314	21793	39619	40876	37544	35365
401	1182	28.6	23028	22495	39706	40761	36565	35274
402	1184.9	28.4	21650	21575	40472	41899	38733	35055
403	1187.8	28.4	21523	21308	39714	41149	38375	35337
404	1190.6	28.4	22593	22261	40554	40973	39280	34786
405	1193.5	28.4	21717	22046	39972	41272	39597	35234
406	1196.4	28.6	21074	21638	39972	41852	37892	33914
407	1199.3	28.6	22473	21813	40970	41646	37849	34573
408	1202.2	28.5	21552	22099	39969	43592	37484	34877
409	1205	28.5	21898	21429	41075	41512	38546	33915
410	1207.9	28.4	20568	21803	39048	40349	37532	35684
411	1210.8	28.4	21578	21734	38952	41912	39793	34476
412	1213.7	28.4	21662	22601	40455	41205	38527	35107
413	1216.6	28.4	22313	22081	39844	41512	37498	34111
414	1219.4	28.6	22559	22438	39294	41095	37582	34602
415	1222.3	28.6	21829	22110	40442	41554	37629	34863
416	1225.2	28.5	21597	22520	39718	41206	39181	35840
417	1228.1	28.5	22165	22278	39962	41706	38721	35369
418	1231	28.6	21498	22649	40162	42201	37686	35026
419	1233.9	28.6	22418	21367	40245	43304	38588	35336
420	1236.7	28.6	22403	22037	39810	40992	39694	35140
421	1239.6	28.6	22382	22197	39766	41662	38263	34927
422	1242.5	28.4	22028	21419	38737	40228	37902	34126
423	1245.4	28.4	22052	21621	40681	40409	39270	34611
424	1248.3	28.4	20920	21520	40408	40378	37021	35294
425	1251.1	28.4	21226	22337	39815	41765	38250	34862
426	1254	28.6	21725	21730	39147	40158	38790	34265
427	1256.9	28.6	21785	21907	39907	39374	37953	35101
428	1259.8	28.4	22150	21377	39961	42113	39382	34399
429	1262.7	28.4	21923	22606	38973	41618	37840	34088
430	1265.6	28.4	22704	22693	40457	42002	37904	34746
431	1268.4	28.4	22112	22256	39506	41465	37275	35803
432	1271.3	28.7	22675	22271	40370	41383	37878	35406
433	1274.2	28.7	22141	21647	39754	40489	38914	35950
434	1277.1	28.5	21406	21923	39302	40420	37197	35874
435	1280	28.5	20960	22229	39628	41267	37356	35016
436	1282.8	28.4	22320	21471	39632	40900	38219	35539
437	1285.7	28.4	22073	21133	39214	41404	38529	34813
438	1288.6	28.4	21530	21618	39397	40266	37737	34433
439	1291.5	28.4	22388	21943	39346	40969	37971	35638
440	1294.4	28.7	22142	21502	39536	41126	38032	34099
441	1297.2	28.7	21750	22962	39596	41243	36641	35307
442	1300.1	28.4	21437	22423	39709	41060	37716	34583
443	1303	28.4	22391	21692	40174	41108	37050	34711
444	1305.9	28.5	22446	22690	39953	41352	38728	35215
445	1308.8	28.5	22306	22481	39723	42509	37334	34572
446	1311.6	28.4	21499	22303	39517	42283	38205	34710
447	1314.5	28.4	22103	22463	39851	41654	37605	35067
448	1317.4	28.4	21692	21840	39442	41276	39625	34355
449	1320.3	28.4	21723	22427	40331	41141	38516	35236
450	1323.2	28.5	22535	21935	38735	41607	37949	34235
451	1326	28.5	21501	22265	39908	41186	37725	35020
452	1328.9	28.5	21769	22156	39748	41063	37876	34191
453	1331.8	28.5	22108	22057	39263	41810	38289	35401
454	1334.7	28.4	21886	21324	39582	42122	37763	33848
455	1337.5	28.4	21430	20975	38971	40083	38201	34954
456	1340.4	28.6	21253	22338	39357	41477	38447	35202
457	1343.3	28.6	21341	21693	38959	42298	37612	34776
458	1346.2	28.4	22221	21261	40299	41229	38388	34521
459	1349.1	28.4	22827	22072	38594	41327	37785	34831
460	1352	28.4	21209	21578	39239	41938	38003	34605
461	1354.9	28.4	21191	22288	38952	41305	38135	34976
462	1357.7	28.4	20832	22479	40576	41245	38099	34470
463	1360.6	28.4	22571	20958	40469	40725	38414	34448
464	1363.5	28.4	22889	22127	39359	41554	36585	34788
465	1366.4	28.4	21942	23076	40830	40934	38207	34784
466	1369.3	28.6	22065	20899	39109	40081	37345	34859
467	1372.1	28.6	22000	22550	39754	40133	37470	33612
468	1375	28.5	22188	22131	39703	40440	38679	35189
469	1377.9	28.5	21506	21914	40377	41025	38140	34527
470	1380.8	28.5	21421	21350	40180	40760	38020	33744
471	1383.6	28.5	22313	20951	39163	41795	37456	34926
472	1386.5	28.5	22042	21422	38540	41032	37675	34962
473	1389.4	28.5	21493	21089	39981	41719	37631	35117
474	1392.3	28.5	22354	21653	39183	40824	37655	34252
475	1395.2	28.5	21325	21102	40533	40795	37626	35556
476	1398.1	28.5	21491	21292	39553	41260	37820	34657
477	1401	28.5	21306	21338	40560	40090	38137	34658
478	1403.8	28.7	21340	22147	38177	40856	37526	33753
479	1406.7	28.7	21812	22232	40536	41495	39360	35070
480	1409.6	28.4	21848	22012	39481	41426	37951	34049
481	1412.5	28.4	21493	21345	39694	41425	36622	34211
482	1415.4	28.7	22131	21378	38968	40627	37086	33628
483	1418.3	28.7	21555	21909	39333	41396	37159	34565
484	1421.2	28.6	21503	21740	39278	41752	38925	34714
485	1424	28.6	22095	22060	38336	40815	38124	34768
486	1426.9	28.6	22410	22006	39457	40755	37113	34657
487	1429.8	28.6	21321	21649	40549	41815	37568	34305
488	1432.7	28.6	21532	21458	39176	40436	38133	33980
489	1435.6	28.6	22092	22043	39124	41302	37986	34477
490	1438.4	28.4	20982	21465	40037	41728	37439	33974
491	1441.3	28.4	22121	21461	40076	41782	36768	35192
492	1444.2	28.5	22159	22363	40178	41441	38344	34454
493	1447.1	28.5	22045	22125	40781	41795	37316	33763
494	1450	28.7	21125	20841	39347	41783	38478	33982
495	1452.8	28.7	21999	20850	39396	40778	37287	33941
496	1455.7	28.7	21786	22090	39318	41448	38800	34581
497	1458.6	28.7	21954	22751	40063	40933	38004	35256
498	1461.5	28.6	22327	22456	40119	41555	37974	34709
499	1464.4	28.6	21767	21477	39303	41529	37484	34078
500	1467.2	28.6	22049	22818	39416	41659	38141	34477
501	1470.1	28.6	22011	21958	38591	42257	38346	35171
502	1473	28.4	21237	21350	39959	41610	37492	35071
503	1475.9	28.4	21943	21673	40108	40735	37469	34330
504	1478.8	28.7	22177	22250	39348	41821	38180	35130
505	1481.7	28.7	22454	21909	38736	40362	37940	35083
506	1484.6	28.5	22275	21526	40076	41416	36949	34842
507	1487.4	28.5	21322	21998	39397	41915	36978	33571
508	1490.3	28.7	21657	22502	38960	40841	37544	34222
509	1493.2	28.7	22045	22591	40307	40730	37181	34290
510	1496.1	28.7	22905	22086	40144	40031	37825	35389
511	1499	28.7	21336	22624	40619	42220	37338	34576
512	1501.9	28.5	22353	21093	39251	40994	37325	33702
513	1504.7	28.5	21526	22340	40224	40996	37577	35091
514	1507.6	28.7	22697	22822	38969	40731	36565	34873
515	1510.5	28.7	22216	21553	39965	40585	38102	35100
516	1513.4	28.7	21780	21948	39152	41002	37550	34716
517	1516.3	28.7	21351	20895	39366	41485	38581	34331
518	1519.2	28.4	21584	22235	39653	41941	37162	35144
519	1522	28.4	21418	21815	39120	42436	38688	35063
520	1524.9	28.7	21633	22069	39525	40373	37242	33747
521	1527.8	28.7	20755	21306	38975	40418	38137	33931
522	1530.7	28.5	21825	22831	39718	40649	36811	34647
523	1533.6	28.5	21779	21972	39817	41056	37651	34472
524	1536.5	28.5	22411	21880	39798	40877	38086	34546
525	1539.3	28.5	21781	22121	40391	41436	38351	35854
526	1542.2	28.6	21951	21722	39944	42515	37963	34220
527	1545.1	28.6	22968	21657	39401	41513	36568	34118
528	1548	28.5	21454	22816	39752	41264	38461	35100
529	1550.9	28.5	22080	21800	38655	40742	36458	34818
530	1553.8	28.7	22664	22068	40136	40440	37844	35786
531	1556.7	28.7	22040	21352	39998	40718	37941	34918
532	1559.5	28.7	21696	22181	39489	41069	38048	34347
533	1562.4	28.7	22195	22256	38222	42225	38798	33885
534	1565.3	28.5	22141	21713	40588	41159	38286	34721
535	1568.2	28.5	21279	22952	39072	41145	37987	33997
536	1571.1	28.5	21199	21402	39675	40461	38080	34619
537	1573.9	28.5	21358	22871	39783	40978	37802	35099
538	1576.8	28.7	21674	21388	38902	40674	37210	34161
539	1579.7	28.7	22107	21155	39474	40541	38551	33902
540	1582.6	28.5	21459	21979	40308	41763	38011	33834
541	1585.5	28.5	20790	21843	38447	40639	37714	34271
542	1588.3	28.5	21047	21756	39743	40400	36832	33632
543	1591.2	28.5	21765	22039	40300	41066	37926	35470
544	1594.1	28.7	21032	22065	38502	39757	37593	34843
545	1597	28.7	22123	21284	40517	41155	37769	33441
546	1599.8	28.7	21874	22551	39063	40418	38435	34760
547	1602.7	28.7	21784	21416	38943	40458	38669	34766
548	1605.6	28.4	21973	21730	39285	41219	38627	34459
549	1608.5	28.4	21437	21135	38922	40682	37380	33905
550	1611.4	28.4	21376	21979	39186	41811	37334	33508
551	1614.3	28.4	22797	22052	39682	40924	36622	34288
552	1617.1	28.7	21364	21495	40756	40850	37487	35759
553	1620	28.7	21733	21405	40579	40590	37789	34287
554	1622.9	28.7	21463	22066	39377	41141	37898	34640
555	1625.8	28.7	22671	21270	40531	41690	37365	34600
556	1628.7	28.5	21932	21858	38943	40444	37231	34685
557	1631.6	28.5	22080	22036	39680	40185	37059	34753
558	1634.4	28.6	22424	21474	40117	41519	38165	34919
559	1637.3	28.6	22036	21691	40618	41632	36870	34145
560	1640.2	28.6	21479	21664	38734	41567	38258	34105
561	1643.1	28.6	21525	20735	38533	39366	38312	34777
562	1646	28.7	22113	21266	39382	40879	37414	34180
563	1648.9	28.7	21996	22198	38346	42201	36230	33604
564	1651.7	28.7	21924	21881	39131	41541	36796	34122
565	1654.6	28.7	22195	21897	39024	41194	37599	34482
566	1657.5	28.6	20990	21776	39312	40961	37450	34137
567	1660.4	28.6	22250	21209	40065	41035	37451	33761
568	1663.3	28.7	22547	21713	40062	40439	37337	34342
569	1666.2	28.7	22184	21607	39864	41691	37559	34041
570	1669.1	28.7	21760	22269	39682	40118	37984	34761
571	1671.9	28.7	21483	21873	39490	41320	38179	33744
572	1674.8	28.7	21834	21652	38897	40568	36774	34711
573	1677.7	28.7	21723	21808	38859	39931	37731	34175
574	1680.6	28.5	22350	22617	39403	39937	37144	34566
575	1683.5	28.5	22568	22484	39671	40600	37826	34379
576	1686.4	28.7	21559	22533	38947	43461	37068	35239
577	1689.2	28.7	21631	21073	39673	41105	37456	34087
578	1692.1	28.5	21345	21152	39096	39840	38369	34255
579	1695	28.5	21279	23014	39372	41479	38080	34164
580	1697.9	28.5	21896	21542	39512	41918	37074	33744
581	1700.7	28.5	21236	21544	40073	41201	37840	34005
582	1703.6	28.7	22285	22137	39124	41229	37336	35284
583	1706.5	28.7	21640	21674	40118	42101	38101	34605
584	1709.4	28.6	22233	22040	39316	40859	38109	33938
585	1712.3	28.6	21038	22134	38731	40156	37406	34571
586	1715.2	28.7	21929	21754	39813	40599	37840	33896
587	1718	28.7	22221	22663	40325	42064	38250	34763
588	1720.9	28.6	22280	21479	39570	40861	38400	34157
589	1723.8	28.6	21804	22078	39483	40053	37004	34131
590	1726.7	28.5	21041	21531	39915	41579	37470	34837
591	1729.5	28.5	22007	21009	40435	39911	36090	34089
592	1732.4	28.7	22633	22666	39649	40632	37728	34662
593	1735.3	28.7	22213	21627	38714	40536	37644	33128
594	1738.2	28.7	22483	21917	39518	40182	37137	33588
595	1741.1	28.7	21898	21828	39180	40687	37359	34503
596	1743.9	28.7	22144	21204	38576	41148	37510	33018
597	1746.8	28.7	20953	22637	37927	40484	37902	35496
598	1749.7	28.5	22483	21392	39225	40700	36683	33676
599	1752.6	28.5	21864	21768	38229	40473	37667	34396
600	1755.5	28.4	22649	21111	39678	42161	39062	33638
601	1758.4	28.4	22689	21227	38314	41721	37247	34289
602	1761.3	28.7	21092	21746	38970	41386	36777	34110
603	1764.1	28.7	21546	21174	38816	39674	37543	33163
604	1767	28.7	22807	22322	40470	40568	38580	33905
605	1769.9	28.7	21867	21473	39473	41169	38512	34960
606	1772.8	28.7	22794	22583	40036	41317	37107	33818
607	1775.7	28.7	21839	21312	39825	40309	37485	34701
608	1778.6	28.7	21246	22512	38768	40755	36952	34453
609	1781.4	28.7	22355	21921	39108	40564	38399	34863
610	1784.3	28.7	22152	21418	39401	42108	37845	34723
611	1787.2	28.7	21584	21516	39933	39599	37205	34368
612	1857.3	28.7	22224	22583	40064	41590	36462	33753
613	1860.2	28.7	21300	21410	38603	41462	38006	33467
614	1863	28.7	21430	21803	37709	39801	37866	33613
615	1865.9	28.7	21403	22671	39242	40069	37108	35587
616	1868.8	28.6	21437	21487	38783	40362	37221	34917
617	1871.7	28.6	22276	21982	40831	40072	37453	34056
618	1874.6	28.7	21732	21980	38662	40397	37793	33262
619	1877.4	28.7	22707	21243	38486	41924	37605	35095
620	1880.3	28.7	21054	22572	38796	40936	38285	34855
621	1883.2	28.7	21408	21896	39491	41046	37537	35233
622	1886.1	28.7	21797	22177	39390	40296	37492	34569
623	1889	28.7	21166	22039	40140	40795	36772	35290
624	1891.8	28.7	20897	22087	38073	39245	37702	34819
625	1894.7	28.7	21935	21695	37933	41150	37180	34613
626	1897.6	28.7	22546	22026	39890	40956	38253	33538
627	1900.5	28.7	21746	21814	39111	40675	37817	34366
628	1903.3	28.7	21938	23134	39568	41158	37443	34563
629	1906.2	28.7	21472	21543	39140	41997	36921	34425
630	1909.1	28.7	21831	21282	38868	41152	37080	33800
631	1912	28.7	21984	22645	38627	41965	37134	35050
632	1914.9	28.4	21320	22244	38489	42528	37620	33558
633	1917.8	28.4	21507	21030	39760	41148	37074	32697
634	1920.6	28.5	22073	21783	39224	42201	37503	35075
635	1923.5	28.5	22041	22322	39450	41705	37557	33386
636	1926.4	28.7	22010	22331	39607	40750	37602	33746
637	1929.3	28.7	21336	22100	39312	39525	36229	34557
638	1932.2	28.7	21607	22893	39457	40703	37773	33664
639	1935	28.7	22781	21734	40218	39993	37504	33969
640	1937.9	28.7	21954	20898	39960	41939	37039	34172
641	1940.8	28.7	21862	21372	38614	40475	37218	34067
642	1943.7	28.6	21962	21877	40070	40716	37067	34393
643	1946.6	28.6	21486	21359	39692	40843	37532	33997
644	1949.4	28.7	21350	20427	38847	40767	36519	33444
645	1952.3	28.7	22157	22143	39557	40989	37700	34259
646	1955.2	28.6	21695	21811	39711	40423	37117	34276
647	1958.1	28.6	23161	20887	39009	40607	37636	33946
648	1961	28.7	21496	21488	39202	41104	36044	34422
649	1963.8	28.7	21470	22295	38509	41289	37472	35612
650	1966.7	28.7	21896	21644	40020	40099	37120	34200
651	1969.6	28.7	21549	21353	39647	42430	37704	34273
652	1972.5	28.7	21832	21619	38871	39975	37425	33472
653	1975.4	28.7	22495	21823	39634	42776	37309	34176
654	1978.2	28.5	21738	21736	39709	40577	36924	34037
655	1981.1	28.5	22942	21172	38786	41166	38285	33070
656	1984	28.7	22123	21312	39743	41722	37072	32983
657	1986.9	28.7	21504	21364	39876	39976	38479	34836
658	1989.7	28.6	22247	21289	38206	41194	37192	34478
659	1992.6	28.6	21315	21656	38653	41364	38598	34478
660	1995.5	28.7	22073	21958	39323	40183	36795	35721
661	1998.4	28.7	20787	22099	39135	40574	37530	34940
662	2001.3	28.7	22424	22466	39294	40879	36571	33954
663	2004.2	28.7	22055	21752	38066	40715	37574	33841
664	2007	28.5	22135	21946	39628	41484	37323	34732
665	2009.9	28.5	21504	22181	39095	39559	37900	33924
666	2012.8	28.7	21938	21430	39312	40773	36662	33920
667	2015.7	28.7	22215	22452	39513	40512	36250	34098
668	2018.6	28.7	21449	21559	39054	41245	36856	34531
669	2021.5	28.7	22201	22050	41121	40998	37466	33904
670	2024.3	28.7	21788	21378	38216	41053	38300	34548
671	2027.2	28.7	21541	21499	38536	41956	37261	34644
672	2030.1	28.5	21732	22147	39363	40966	36546	35446
673	2033	28.5	21868	21182	38395	40921	37526	32653
674	2035.8	28.7	20661	21333	39285	41071	37318	34059
675	2038.7	28.7	21990	21000	39761	41688	36830	32881
676	2041.6	28.7	22075	22320	40033	40882	37134	32791
677	2044.5	28.7	21262	22734	39308	40527	37921	33888
678	2047.3	28.7	21297	22822	39749	39839	37375	34378
679	2050.2	28.7	21574	22398	38570	41426	36683	33723
680	2053.1	28.7	20689	21275	38001	40204	37415	34449
681	2056	28.7	21905	22365	38777	40330	37361	35008
682	2058.9	28.7	21918	22021	39480	40632	36849	33801
683	2061.7	28.7	22127	21654	39929	40394	36019	33766
684	2064.6	28.7	21546	21164	39901	39860	37381	34904
685	2067.5	28.7	21993	22055	39015	40369	36446	33869
686	2070.4	28.7	21335	21516	38987	40763	37510	34977
687	2073.2	28.7	21635	22698	38715	41795	37349	34183
688	2076.1	28.7	22337	22298	39188	40468	37773	34678
689	2079	28.7	22040	21960	38740	40178	37093	33575
690	2081.9	28.7	22064	21741	40106	39841	37052	34828
691	2084.8	28.7	21956	21909	38863	40738	36758	34161
692	2087.6	28.5	22275	21823	38222	41647	37852	34179
693	2090.5	28.5	21798	22508	40287	41257	36731	34021
694	2093.4	28.7	21440	21803	39825	40501	37238	33820
695	2096.3	28.7	21421	22206	38707	40609	38590	33779
696	2099.2	28.7	21807	20486	39141	40957	37280	34050
697	2102.1	28.7	20803	22516	39136	40996	37272	34734
698	2104.9	28.7	22196	22651	39856	41233	37099	33034
699	2107.8	28.7	21639	22658	38931	42432	37491	34807
700	2110.7	28.7	21550	22393	39927	40975	35407	34978
701	2113.6	28.7	21788	21380	39546	41869	37302	33719
702	2116.5	28.7	21778	21543	39486	41859	37955	34348
703	2119.3	28.7	22717	22585	40205	40842	38401	33764
704	2122.2	28.7	22943	21808	38524	41742	36744	33933
705	2125.1	28.7	21465	21846	37667	40497	36549	33650
706	2128	28.7	21939	22055	40339	39535	37508	33979
707	2130.9	28.7	21503	21062	39626	41325	37459	34463
708	2133.8	28.7	21786	21156	39157	40608	36966	33808
709	2136.7	28.7	21801	22323	38479	40356	37198	34318
710	2139.5	28.7	22017	21667	39789	42527	37814	33545
711	2142.4	28.7	23041	21771	38736	40347	37947	34985
712	2145.3	28.6	21470	21639	38869	41013	35797	34354
713	2148.2	28.6	21964	21321	38868	41463	38050	34834
714	2151	28.7	20963	21057	38984	41786	37719	33466
715	2153.9	28.7	21622	22127	39406	40626	37403	32730
716	2156.8	28.7	20872	22344	39197	40744	36370	34530
717	2159.7	28.7	22050	21838	38766	39376	38271	34078
718	2162.6	28.7	21991	22284	39102	41049	37184	34057
719	2165.5	28.7	21050	22014	38943	40343	36678	33275
720	2168.3	28.7	21280	23043	38661	40199	36743	33645
721	2171.2	28.7	21164	21748	38829	40405	36751	32920
722	2174.1	28.7	20984	22029	38589	40289	37393	34700
723	2177	28.7	22331	22447	38397	40099	37627	34095
724	2179.9	28.7	22016	22063	38698	40029	37389	33972
725	2182.7	28.7	21791	21325	39981	41176	37011	34035
726	2185.6	28.7	21511	21596	39832	40180	37318	33644
727	2188.5	28.7	21531	21641	38542	39650	36762	33060
728	2191.4	28.7	22272	21573	37458	41102	36323	34788
729	2194.2	28.7	21162	22164	39372	41221	36595	34222
730	2197.1	28.7	21863	21577	39917	40867	37670	34181
731	2200	28.7	21443	21892	40034	40522	37938	33896
732	2202.9	28.6	22287	21711	39020	41324	37832	34872
733	2205.8	28.6	21551	21658	39603	40530	37428	32539
734	2208.7	28.7	21412	21223	38534	41273	37183	33010
735	2211.6	28.7	21445	20803	38913	40605	37422	34095
736	2214.5	28.7	22186	21471	39573	40574	36513	34341
737	2217.3	28.7	21607	22188	39485	40037	37338	33592
738	2220.2	28.7	22484	21855	37696	40127	37210	33230
739	2223.1	28.7	21705	21728	39511	40040	37396	33447
740	2226	28.7	21326	21615	39956	40133	37220	32807
741	2228.9	28.7	21606	22084	38340	40327	36084	33680
742	2231.8	28.7	22656	21629	39058	41105	38640	33985
743	2234.6	28.7	21831	22121	39146	41326	38015	33222
744	2237.5	28.7	21952	21727	38850	40043	38361	35593
745	2240.4	28.7	22451	21530	39348	39690	37440	33025
746	2243.3	28.7	22310	20918	38598	39480	36037	34341
747	2246.1	28.7	22162	21939	38524	40206	35979	33732
748	2249	28.6	22320	21577	38516	39886	36867	33810
749	2251.9	28.6	21825	22012	40156	40337	36922	34533
750	2254.8	28.7	21649	22006	38549	39182	36467	34566
751	2257.7	28.7	21805	22346	38913	40317	38078	33647
752	2260.6	28.8	21192	21819	38471	40207	36989	34277
753	2263.4	28.8	22202	21961	38555	40571	36333	33116
754	2266.3	28.7	21955	21299	39255	40377	36801	34298
755	2269.2	28.7	21824	22133	39133	39520	36715	33095
756	2272.1	28.7	21562	21800	39520	41310	37045	34150
757	2274.9	28.7	21390	21306	38147	39689	35509	33458
758	2277.8	28.7	21721	21421	40168	39965	37123	34093
759	2280.7	28.7	21210	20882	38387	39295	37248	33990
760	2283.6	28.7	21460	22216	38669	40037	36794	33504
761	2286.5	28.7	21783	22046	39841	39987	36666	33901
762	2289.4	28.7	21663	22868	39004	39923	37594	35452
763	2292.2	28.7	21978	22180	39905	40305	36430	33896
764	2295.1	28.6	21582	21034	39950	41107	36721	33962
765	2298	28.6	21573	21224	38226	40923	36680	33070
766	2300.9	28.7	21471	21728	38538	41203	36948	34767
767	2303.8	28.7	21836	22014	38671	40813	36614	32845
768	2306.6	28.7	21761	21793	39303	41670	36948	33743
769	2309.5	28.7	21957	21963	39468	39602	36587	33400
770	2312.4	28.8	21734	21530	39066	41080	37272	34487
771	2315.3	28.8	21750	21931	38847	39789	37526	34173
772	2318.2	28.7	22058	22196	39347	40422	37664	33459
773	2321	28.7	22902	21584	38892	40727	37380	33734
774	2323.9	28.6	21964	22014	39291	41088	37161	34043
775	2326.8	28.6	20682	21712	39013	41925	36221	33348
776	2329.7	28.7	21198	21282	39657	41559	37459	33278
777	2332.6	28.7	22073	22196	38862	41451	37556	34305
778	2335.4	28.7	21834	21259	39291	41008	37737	33188
779	2338.3	28.7	21761	20887	39347	40521	36734	33834
780	2341.2	28.7	21119	22186	38042	41157	37076	33119
781	2344.1	28.7	21775	21807	38882	39872	36939	34077
782	2346.9	28.7	22058	21743	38884	40979	37286	33857
783	2349.8	28.7	21622	21242	39111	41615	38073	33815
784	2352.7	28.7	21281	22088	38151	41048	37355	34082
785	2355.6	28.7	21832	22478	38846	40662	36564	33612
786	2358.5	28.7	21529	22252	39020	40185	37299	34036
787	2361.4	28.7	21155	21501	38797	40814	37050	33698
788	2364.2	28.7	21673	21555	38149	40529	36679	33576
789	2367.1	28.7	21662	22168	38227	40962	36774	33394
790	2370	28.7	21722	22092	38411	40779	37163	33248
791	2372.9	28.7	22219	20812	39285	41431	37723	33262
792	2375.7	28.7	22168	21784	38532	39263	37902	33904
793	2378.6	28.7	21774	22706	39535	41260	36732	33844
794	2381.5	28.7	21800	21541	37671	40116	38547	33430
795	2384.4	28.7	22239	21610	39201	39685	36079	33773
796	2387.3	28.7	20551	22131	38918	41435	37693	33512
797	2390.2	28.7	21587	22503	39856	40734	35496	33286
798	2393	28.7	21199	21956	38960	39944	36555	33854
799	2395.9	28.7	22195	21416	38885	39312	35928	33807
800	2398.8	28.7	21302	21647	40283	40799	37768	33385
801	2401.7	28.7	21494	22413	38082	40436	36195	33896
802	2404.6	28.7	21857	21499	38407	39256	36819	33681
803	2407.4	28.7	21438	21952	40422	39417	36852	33962
804	2410.3	28.7	22082	21961	39858	40971	37822	33626
805	2413.2	28.7	22423	21736	37957	40094	36775	33230
806	2416.1	28.7	21917	22587	39384	41246	36695	32698
807	2419	28.7	21642	22280	39563	41312	35975	34051
808	2421.9	28.7	21661	21558	39569	39811	36550	34710
809	2424.7	28.7	21496	21583	39161	41466	37347	34280
810	2427.6	28.7	21522	21719	39694	40988	36694	35047
811	2430.5	28.7	22330	22085	38776	39700	36557	33703
812	2433.4	28.7	22175	22046	38334	40777	37223	34162
813	2436.2	28.7	22236	21958	38210	41267	37593	33285
814	2439.1	28.7	22057	21954	39430	42053	37076	34098
815	2442	28.7	20839	21501	38124	40378	36882	33990
816	2444.9	28.7	22197	22032	38905	39290	37331	34326
817	2447.8	28.7	22348	21969	39704	40219	36533	33172
818	2450.7	28.7	21978	21695	38801	40197	36912	33617
819	2453.5	28.7	21824	22265	39522	40487	36515	33562
820	2456.4	28.8	22001	22728	39051	41335	36614	33829
821	2459.3	28.8	20873	21539	39080	39980	36927	33812
822	2462.2	28.7	21834	21451	39553	40206	38099	33414
823	2465.1	28.7	22403	21545	38828	40011	36841	33593
824	2468	28.7	21252	21198	39969	40559	38022	32986
825	2470.8	28.7	21959	21358	39952	39986	37185	34628
826	2473.7	28.7	21193	22043	39973	40528	36172	34340
827	2476.6	28.7	21436	21099	40205	41048	36578	34017
828	2479.5	28.7	22162	21365	39714	40858	37250	33220
829	2482.4	28.7	21631	21772	38237	41048	36386	33993
830	2485.2	28.7	21602	22202	38861	40442	37417	33725
831	2488.1	28.7	22002	22076	38303	40964	36646	33222
832	2491	28.7	21225	21623	39095	41068	36443	34834
833	2493.9	28.7	22057	22020	39149	39956	37360	33508
834	2496.8	28.7	22114	21653	38814	39589	36416	34519
835	2499.7	28.7	20951	22010	40265	39935	36985	33071
836	2502.5	28.7	21504	21986	39199	41216	37233	34544
837	2505.4	28.7	21832	21712	38648	40360	36164	33699
838	2508.3	28.8	22687	21672	38712	40719	36537	32629
839	2511.2	28.8	22492	21020	39147	39415	37081	33541
840	2514.1	28.7	21145	20953	37934	39932	37036	32656
841	2516.9	28.7	22065	21115	39308	40420	35933	32789
842	2519.8	28.7	22309	22436	39412	40775	37058	33231
843	2522.7	28.7	22105	22459	39238	40135	37019	33190
844	2525.6	28.7	22340	21483	38574	41039	36106	33442
845	2528.5	28.7	21880	21604	39173	40831	36929	33902
846	2531.3	28.7	20792	22246	39481	42044	36941	33738
847	2534.2	28.7	22407	22322	39447	41436	36937	34049
848	2537.1	28.6	21770	22318	38480	40194	36301	33981
849	2540	28.6	21436	22396	39061	40850	37016	33549
850	2542.9	28.7	21295	22937	38845	39964	37000	33375
851	2545.7	28.7	21588	22374	38960	40929	37168	33981
852	2548.6	28.7	23273	21994	37789	40560	35790	33007
853	2551.5	28.7	22100	21310	40003	40276	37151	34455
854	2554.4	28.7	22069	22347	38995	40619	37360	34203
855	2557.3	28.7	21802	21051	39286	40091	36041	33514
856	2560.1	28.8	21733	22186	39118	40715	36698	34082
857	2563	28.8	21550	20567	38848	40116	36982	33855
858	2565.9	28.7	21988	21379	38809	40806	36769	33856
859	2568.8	28.7	21954	21457	39298	41471	36866	33639
860	2571.7	28.8	22387	22031	37907	40904	37580	33306
861	2574.6	28.8	21416	22326	39809	40390	37032	33944
862	2577.5	28.8	21547	21541	38006	40622	36931	34024
863	2580.3	28.8	21416	22456	38500	40402	36932	33965
864	2583.2	28.8	21410	22238	38869	40056	35786	32982
865	2586.1	28.8	22451	21958	38212	41336	36913	33698
866	2589	28.7	20666	21814	39612	40387	37475	33715
867	2591.9	28.7	22214	22050	39971	39395	36755	33310
868	2594.7	28.8	21470	22150	39208	41214	37715	33708
869	2597.6	28.8	21506	22342	39256	39801	36574	33741
870	2600.5	28.7	21823	21291	38832	39901	36335	33664
871	2603.4	28.7	21934	22339	39094	40393	36191	33879
872	2606.3	28.7	22194	21897	38920	41478	37202	33942
873	2609.1	28.7	21498	20864	39030	40554	36767	34040
874	2612	28.8	22081	21044	39680	39964	37033	34905
875	2614.9	28.8	21274	21321	39296	41087	37560	34132
876	2617.8	28.7	21068	21521	39291	41004	37023	33219
877	2620.7	28.7	21693	22279	38176	40163	35647	33806
878	2623.5	28.7	21821	21345	39698	39962	37132	34358
879	2626.4	28.7	21871	21524	39056	40056	36653	33749
880	2629.3	28.7	21858	22258	38978	40708	36423	33527
881	2632.2	28.7	21537	22132	38934	40735	36995	34822
882	2635.1	28.7	21458	22269	38435	40682	35522	32943
883	2637.9	28.7	22784	21717	38564	40055	36754	33716
884	2640.8	28.8	21853	21671	39702	39483	35288	32556
885	2643.7	28.8	22233	22027	37583	39321	36851	33279
886	2646.6	28.8	21665	21448	38488	40140	36885	33274
887	2649.4	28.8	22264	20869	38185	40542	36599	33864
888	2652.3	28.8	22088	22175	39321	40700	36517	33168
889	2655.2	28.8	21784	21558	37960	40633	36932	33269
890	2658.1	28.7	22454	22643	40292	39539	36941	33455
891	2661	28.7	21808	21737	39040	40641	36179	34092
892	2663.9	28.7	21982	21941	38786	41743	36668	34308
893	2666.7	28.7	22288	21136	38862	40640	37384	32995
894	2669.6	28.7	21594	21134	38575	41640	35797	33010
895	2672.5	28.7	21772	22265	38777	40984	37302	33616
896	2675.4	28.7	21917	22057	39850	40808	36490	32778
897	2678.3	28.7	20795	21304	38749	39288	35966	33418
898	2681.2	28.8	20996	21826	39338	40289	36519	33913
899	2684	28.8	21073	21578	38295	40341	36937	33640
900	2686.9	28.8	21386	21416	38986	39376	36279	34189
901	2689.8	28.8	22292	22159	38922	41284	35970	32519
902	2692.7	28.8	22045	21495	38287	38920	36425	34391
903	2695.6	28.8	22063	21696	38601	40816	36550	33324
904	2698.4	28.7	21816	22135	38702	41011	37446	33131
905	2701.3	28.7	22432	21945	38093	39360	37314	34374
906	2704.2	28.7	21813	20596	38239	40019	36413	33802
907	2707.1	28.7	22503	22216	38722	40900	36726	32887
908	2710	28.8	21883	22382	39093	39210	37953	32788
909	2712.9	28.8	22194	21184	39173	40807	37130	34056
910	2715.8	28.7	21976	21681	38507	39237	36889	33336
911	2718.6	28.7	22587	22043	38537	39991	36951	33883
912	2721.5	28.7	20623	22748	39412	40487	36831	34266
913	2724.4	28.7	22491	21270	38014	40485	36664	33724
914	2727.3	28.7	21239	21628	39368	40604	35932	34201
915	2730.2	28.7	20710	21768	38083	39208	36526	34164
916	2733	28.7	21942	22417	38552	40549	36567	32797
917	2735.9	28.7	21939	23224	39893	39196	35946	34084
918	2738.8	28.7	22668	21898	38051	39865	36433	34336
919	2741.7	28.7	20844	21415	38753	41099	36847	33778
920	2744.6	28.7	21164	20979	38536	40503	36361	33839
921	2747.4	28.7	21989	22634	39057	39686	37019	33015
922	2750.3	28.7	22127	22089	37809	40878	37915	33581
923	2753.2	28.7	21449	21709	38482	40962	35552	33276
924	2756.1	28.7	22966	22039	39298	40827	36618	33983
925	2759	28.7	21291	22733	38538	39939	36576	33295
926	2761.8	28.9	21714	21720	38188	39415	36428	34206
927	2764.7	28.9	22138	21533	38932	39127	37539	33673
928	2767.6	28.8	21965	22372	38316	40062	35911	33452
929	2770.5	28.8	21722	21904	38367	39691	35508	32787
930	2773.4	28.8	21618	21315	38952	39967	36870	33371
931	2776.2	28.8	21146	22212	38708	39748	36029	33723
932	2779.1	28.8	21766	21479	38006	39477	36283	33032
933	2782	28.8	21253	22338	39092	40204	36922	33235
934	2784.9	28.8	22144	22128	40429	41362	36037	33638
935	2787.8	28.8	22625	21400	38782	40076	36324	32593
936	2790.7	28.7	20427	22428	38528	40731	35947	32904
937	2793.5	28.7	21550	21702	39588	39449	36493	34005
938	2796.4	28.7	21571	21715	39296	41272	36991	33027
939	2799.3	28.7	21543	22768	39691	39757	35693	34217
940	2802.2	28.8	22444	22292	39721	39602	37349	34039
941	2805.1	28.8	22440	21956	39069	40020	36324	33322
942	2808	28.7	22566	21124	39431	40413	37338	33723
943	2810.9	28.7	21944	22057	38201	41514	37908	33994
944	2813.8	28.9	21607	21688	39408	40632	36743	34087
945	2816.6	28.9	21925	22085	39549	40930	37339	33685
946	2819.5	28.8	21470	21530	38150	40318	36301	32981
947	2822.4	28.8	22407	21139	38979	40739	36009	33623
948	2825.3	28.8	21444	21392	39710	40484	36610	33059
949	2828.1	28.8	21942	21583	37584	40045	36008	33608
950	2831	28.8	21111	22311	39377	40650	36209	34135
951	2833.9	28.8	22047	22235	39455	40209	36863	32983
952	2836.8	28.9	22524	21750	38556	41577	37351	33769
953	2839.7	28.9	21425	22183	38069	40306	36076	32647
954	2842.5	28.7	21033	22004	38393	40093	36161	34135
955	2845.4	28.7	21799	22307	38454	39886	35806	33835
956	2848.3	28.7	21624	21482	39196	40003	36356	33823
957	2851.2	28.7	20952	21905	38598	39652	37195	34356
958	2854.1	28.7	21821	22399	38262	39420	36965	32795
959	2856.9	28.7	22282	22185	39251	41432	36919	34072
960	2859.8	28.7	22293	22776	37901	39476	36833	33873
961	2862.7	28.7	22223	21153	37524	40875	35851	34064
962	2865.6	28.8	22268	22003	39021	40165	37024	32392
963	2868.4	28.8	21994	20410	39226	39937	36188	33475
964	2871.3	28.8	20774	21619	37817	40896	35862	33537
965	2874.2	28.8	21604	21512	37764	39572	37005	32958
966	2877.1	28.9	21285	21488	38564	39935	36475	33586
967	2880	28.9	22081	21622	39341	40451	36072	33426
968	2882.9	28.8	21869	21184	38879	41382	36530	33708
969	2885.7	28.8	21796	22001	38494	40682	35425	33252
970	2888.6	28.9	21538	21504	37929	39690	36468	33456
971	2891.5	28.9	21869	21326	38863	40848	36160	33031
972	2894.4	28.7	22190	22019	38459	40455	36634	32829
973	2897.3	28.7	22507	21382	38484	40666	36184	33440
974	2900.1	28.7	21102	21578	40339	40409	36428	33084
975	2903	28.7	22496	21794	37934	40356	36407	33358
976	2905.9	28.9	21218	22555	38059	39321	36829	32721
977	2908.8	28.9	21736	21943	38588	39682	36342	34610
978	2911.7	28.7	21992	22589	39735	40266	36571	34305
979	2914.6	28.7	22199	21549	39310	40688	36981	34087
980	2917.4	28.9	22517	21532	38491	39905	34965	32327
981	2920.3	28.9	21996	21202	38279	40465	37646	34108
982	2923.2	28.8	21475	22458	38762	39816	36935	34383
983	2926.1	28.8	21914	22169	38063	40916	36976	33460
984	2929	28.9	21657	21471	39064	39879	36610	34060
985	2931.9	28.9	21652	22366	38453	40619	35783	32860
986	2934.7	28.8	22346	21353	39009	40413	36443	33558
987	2937.6	28.8	21548	22038	38573	39906	36168	34034
988	2940.5	28.7	22257	22825	38752	39014	36410	33512
989	2943.4	28.7	21784	21948	38795	40289	36421	32562
990	2946.2	28.8	22078	21767	38043	40886	36392	33231
991	2949.1	28.8	21700	21491	39341	40371	37587	32748
992	2952	28.9	22383	22225	38334	41318	35478	33810
993	2954.9	28.9	21215	20834	38017	39852	37410	34127
994	2957.8	28.8	22066	22147	39546	39601	36879	33710
995	2960.7	28.8	21512	22269	38017	40039	37108	32666
996	2963.5	28.9	22123	21579	38258	39237	35923	34612
997	2966.4	28.9	21505	22119	38170	38999	38484	33734
998	2969.3	28.8	21690	22200	38527	40599	36689	33678
999	2972.2	28.8	22683	22001	38967	40214	35417	32954
1000	2975.1	28.7	20936	21578	38491	41137	35230	33581
1001	2977.9	28.7	22518	21302	39151	40382	36485	33245
1002	2980.8	28.8	21919	20677	38604	39457	36445	34132
1003	2983.7	28.8	21065	22059	39637	39445	36381	33653
1004	2986.6	28.9	22459	22090	39048	40351	35353	33869
1005	2989.4	28.9	21083	21917	39265	40276	35731	33731
1006	2992.3	28.8	21539	21253	38310	40501	36140	33473
1007	2995.2	28.8	21955	21781	38595	39402	36286	33900
1008	2998.1	28.8	22203	22543	37995	40832	36694	32700
								
								
								
End Time:	19/08/2015 01:56:52 p.m.							
